dataset,id,fp_sol,Address,SolidityVersion,property,SWC,DASP
Doublade,0x11606995338d83acabcd06babaf4cdad66c73140-usingOraclize-reentrancy,311ff04c37e05a33801f2f03c1b7e26d,,0.4.18,[],[],[]
Doublade,0x38e9d51419dc53bb8c899a5fd473ce111b1757c4-usingOraclize-reentrancy,db4ed99c2e2fcd0c9e14f3b44d134460,,0.4.20,[],[],[]
Doublade,0x395df49c20e34a7ea995cbf546e54f66172992ea-BlockHashRNG-lowlevelcall_result,c6bc7996daf9cf5319935f1ba6def79e,,0.4.15,['lowlevelcall_result'],[104],[4]
Doublade,0x3a630495c7611b4da41bf133554374caa3963b75-PornSceneToken-unexpectedrevert_result,6c9ab920b9cdadd878ae8b7096af7d99,,0.4.18,['unexpectedrevert_result'],[113],[5]
Doublade,0x775a86858b77cbe7950bb307525a6459d6b01411-DSExec-reentrancy,b9ae0ce221e3a700bdb751262a4e5aab,,0.4.21,['reentrancy'],[107],[1]
Doublade,0x07a5410e4d3ef9680137e0242ccdb78425cb6c43-TokenBase-selfdestruct_result,94211808f42e159952c0cad04f38e637,,0.4.25,[],[],[]
Doublade,0x903ec4ef3d003f05356f3890f13e53421fa4e42a-SelfDesctructionContract-selfdestruct_result,a8803e8927f33ef1366c3367e5d71926,,0.4.20,[],[],[]
Doublade,0x07c1c8c2bce6290daa554118b7d208041615ce54-TokenSale-tx_result,6ddcf7e5e762cbd2fb9411dd6c4f5879,,0.4.19,[],[],[]
Doublade,0x017a5d8d82afaa22bc29d75013d6ff3656e90851-ScamStamp-unexpectedrevert_result,ab4ae730bdfd984f7412dcf2334c05c5,0x017a5d8d82afaa22bc29d75013d6ff3656e90851,0.4.11,['unexpectedrevert_result'],[113],[5]
Doublade,0x038cf0fe8b400538211b0cdc2dbf4e9a8a36bda4-Multiplexer-unexpectedrevert_result,513fc960972bc7d29aeb3ee6ee5a96b9,0x038cf0fe8b400538211b0cdc2dbf4e9a8a36bda4,0.4.16,['unexpectedrevert_result'],[113],[5]
Doublade,0x047187e53477be70dbe8ea5b799318f2e165052f-OMT-lowlevelcall_result,533b96fbecadb64bb67444b09d63ba79,0x047187e53477be70dbe8ea5b799318f2e165052f,0.4.17,[],[],[]
Doublade,0x0528c39ef9f1fd7a05ef18f64408108fae156ab1-ExToke-reentrancy,24673a9442923184ce224f682e454f21,0x0528c39ef9f1fd7a05ef18f64408108fae156ab1,0.4.9,[],[],[]
Doublade,0x05cd27a978fc9f9919a5f4c5c03e5947ed7d4c4d-GrungeTuesday-tx_result,e86c705eaa1cfb3683460d5ec80a6bc3,0x05cd27a978fc9f9919a5f4c5c03e5947ed7d4c4d,0.4.25,[],[],[]
Doublade,0x05f49e3e0a27efa05d60c19cd8f0ecc951d3717e-Etherhero-lowlevelcall_result,297c1aeb1d053290e8a137889b7d1c81,0x05f49e3e0a27efa05d60c19cd8f0ecc951d3717e,0.4.25,['lowlevelcall_result'],[104],[4]
Doublade,0x060d68aeb7e817628d3df96ed396e61ece494081-EclipticBase-selfdestruct_result,19925cf07a2ade1cf6893df777230fc9,,0.4.24,['selfdestruct_result'],[106],[2]
Doublade,0x07678e4c603a26e92962b6e547df99929b708baa-METADOLLAR-reentrancy,f1a5e71017cdec822e403ebcf1d122bf,0x07678e4c603a26e92962b6e547df99929b708baa,0.4.18,[],[],[]
Doublade,0x0821f459bfbe966bb93ad220ece6e1bdfcadeab3-TokenERC20-selfdestruct_result,7bebeedee880cc4e2942ad723946ee70,0x0821f459bfbe966bb93ad220ece6e1bdfcadeab3,0.4.16,['selfdestruct_result'],[106],[2]
Doublade,0x085bf17d6c557254d0370514b97d16307b8f0775-ScamSeal-unexpectedrevert_result,c3419c7ed38310327f053dc3f3a26638,,0.4.11,['unexpectedrevert_result'],[113],[5]
Doublade,0x08bc84c6beb7d3ce724273e485d85a6b1e6166a6-gioco-tx_result,4f6550cc665ea2213fa83452a4c0e37f,0x08bc84c6beb7d3ce724273e485d85a6b1e6166a6,0.4.20,[],[],[]
Doublade,0x096ddaec18064b702f7e53a42afea68ee4a27f54-MultiSigWalletWithDailyLimit-reentrancy,b19fffc40442b87ff4d36bffff75780f,0x096ddaec18064b702f7e53a42afea68ee4a27f54,0.4.15,['reentrancy'],[107],[1]
Doublade,0x098af9afa803e2598bda464ea2fa0e144649f3f9-OraclesPresale-reentrancy,07e178810f331d9443ca152241111e46,0x098af9afa803e2598bda464ea2fa0e144649f3f9,0.4.18,[],[],[]
Doublade,0x0a2ea71d943bf917b410593194595e1f48d40e54-CarefulTransfer-reentrancy,521629292ab18d062ec49f19e5ab393b,,0.4.21,['reentrancy'],[107],[1]
Doublade,0x0a630de26e5b41eaef08741e74da4018a6c2e14c-dgame-lowlevelcall_result,db28e55830444f233a728dd236b699f5,0x0a630de26e5b41eaef08741e74da4018a6c2e14c,0.4.10,['lowlevelcall_result'],[104],[4]
Doublade,0x0b35dd0696ee6c6338f2f08967891feb04183805-Exchange-reentrancy,38827a755c0cd886e447b05dd20aaaf4,0x0b35dd0696ee6c6338f2f08967891feb04183805,0.4.16,[],[],[]
Doublade,0x0b6f6e073a08ab8fd458527c47ed83982ff26851-Vote-lowlevelcall_result,f2635dfba6c862534c98ef31e2bfea92,,0.4.10,['lowlevelcall_result'],[104],[4]
Doublade,0x0fa7d98ae6fe67f3790dd3338f199a4676a10eb7-Airdrop-unexpectedrevert_result,4f87729005429b2dd44d0a12a82719ca,0x0fa7d98ae6fe67f3790dd3338f199a4676a10eb7,0.4.25,['unexpectedrevert_result'],[113],[5]
Doublade,0x10cc060f6f9b2e5dcdb23f1361e4b368a7daec73-UnicornManagement-tx_result,8a49841965d7f5828e0266ef3b2bd72a,0x10cc060f6f9b2e5dcdb23f1361e4b368a7daec73,0.4.21,['tx_result'],[115],[2]
Doublade,0x1199e1c21c89bf9653dc2996fed7168a6b587655-SnailTree-tx_result,89f67e1f6917caa4d940865cdf40032c,0x1199e1c21c89bf9653dc2996fed7168a6b587655,0.4.24,['tx_result'],[115],[2]
Doublade,0x126ae85a1ebf49dc946224f5268c6bd8338d49ae-PiggyBank-selfdestruct_result,1b08279b5a676f50fc77288e962e7632,0x126ae85a1ebf49dc946224f5268c6bd8338d49ae,0.4.24,['selfdestruct_result'],[106],[2]
Doublade,0x131cf0d3b3cc6763417bffb2dfdc119fdebca002-usingOraclize-reentrancy,e33cc523fc940e79b8e656e7b6f1e85c,,0.4.0,[],[],[]
Doublade,0x138e8f61c1e1908e145c02a12879f68051499d21-BurnableToken-selfdestruct_result,bf2e5b1865590a72d6fc8ddb061091cc,0x138e8f61c1e1908e145c02a12879f68051499d21,0.4.15,[],[],[]
Doublade,0x14d4661c507ed8a3c7641e08f3b3c6c69792ba14-MultiMonday-tx_result,1624d9e1c8e1da02b7c60e3ff0c65287,0x14d4661c507ed8a3c7641e08f3b3c6c69792ba14,0.4.25,[],[],[]
Doublade,0x150dbfc384ba5c13c304efd2efee73cc57cc2c16-Lottery10ETH-lowlevelcall_result,05fecfbf66b19b64ef7b468b71052fd5,0x150dbfc384ba5c13c304efd2efee73cc57cc2c16,0.4.25,"['lowlevelcall_result', 'tx_result']","[104, 115]","[2, 4]"
Doublade,0x152df2cb3868bef5c6ed6b9feb0fb091c9e11a96-ETHLCrowdsale-selfdestruct_result,d915085730f97b522e278a4546aa03d1,0x152df2cb3868bef5c6ed6b9feb0fb091c9e11a96,0.4.16,[],[],[]
Doublade,0x17c3b17843a7dd182ba35d21a88a71d6c4af216a-vault-tx_result,a6b9c5528330be9a9248be80d69e15f7,0x17c3b17843a7dd182ba35d21a88a71d6c4af216a,0.4.25,[],[],[]
Doublade,0x1872b33bb33e372d6f039a8b6af2e1be228bda23-usingOraclize-reentrancy,d19fc8c7cad2c32beff998e4d213da7d,,0.4.11,[],[],[]
Doublade,0x198cf24375eccdf599c624d10f0c6fb9b75ec215-Hold-unexpectedrevert_result,34a9b32c38da0878f5c3384f285fe391,0x198cf24375eccdf599c624d10f0c6fb9b75ec215,0.4.18,[],[],[]
Doublade,0x1c2389c0b8014be72e11849ec0aa790b03929e18-FundingWallet-tx_result,2a0029ff19a729778094c857f7ae4083,0x1c2389c0b8014be72e11849ec0aa790b03929e18,0.4.25,[],[],[]
Doublade,0x1c36318a0b2a36636a32f9a712f5a709b4016f77-CreationContract-selfdestruct_result,b0d6efbafe94b97704438251b25dcfd2,0x1c36318a0b2a36636a32f9a712f5a709b4016f77,0.4.8,[],[],[]
Doublade,0x1ca43a170bad619322e6f54d46b57e504db663aa-AKC-lowlevelcall_result,324d36b4db60b7014b6941229512da7d,0x1ca43a170bad619322e6f54d46b57e504db663aa,0.4.19,['lowlevelcall_result'],[104],[4]
Doublade,0x1d5854e7f4dd81d9d4c09097d3cc736c7771f234-vualt-tx_result,0814bc7337c9aea7604bcf1e34602eec,0x1d5854e7f4dd81d9d4c09097d3cc736c7771f234,0.4.25,[],[],[]
Doublade,0x1e2fbe6be9eb39fc894d38be976111f332172d83-usingOraclize-reentrancy,837fe9e491d6350b3d5a50b276089cdc,,0.4.0,[],[],[]
Doublade,0x1ff6f142ebdce220d8dd85eb31dcb92a47690846-Owned-tx_result,c845997a2f576caa71bf1c98d901058e,,0.4.16,['tx_result'],[115],[2]
Doublade,0x203feca1b8ded7e170188adba844f3b58ac25b63-MilkCoinToken-unexpectedrevert_result,8e0370c2052793e0d08a87eb9e9e680f,0x203feca1b8ded7e170188adba844f3b58ac25b63,0.4.18,['unexpectedrevert_result'],[113],[5]
Doublade,0x2138ffe292fd0953f7fe2569111246e4de9ff1dc-MarketPrice-reentrancy,302accc3b3ac3ea565ee4d0b0fafdbbd,0x2138ffe292fd0953f7fe2569111246e4de9ff1dc,0.4.15,[],[],[]
Doublade,0x22141343a20640daaf695226b2233baeef0f0d62-EnjinBuyer-reentrancy,e804c36ca855c38c944c8e1091b5254c,0x22141343a20640daaf695226b2233baeef0f0d62,0.4.16,[],[],[]
Doublade,0x222d145d78ed722b2b0ca80b5b3f4b629d743562-DepositContract-reentrancy,c75b5b8436f23ee7f9cdbe1e0cf7ed1b,,0.4.11,[],[],[]
Doublade,0x22d2913a4bf16c8dcf1ee655f9b547ac55368f88-WaRoll-selfdestruct_result,705580bf80ac54e5098db405c179827d,0x22d2913a4bf16c8dcf1ee655f9b547ac55368f88,0.4.24,[],[],[]
Doublade,0x238e2854ded65f30c9c7765cf26cc882949323d7-ProxyContract-selfdestruct_result,764c956b049e65387b853131f79549c7,0x238e2854ded65f30c9c7765cf26cc882949323d7,0.4.8,[],[],[]
Doublade,0x23a91059fdc9579a9fbd0edc5f2ea0bfdb70deb4-PrivateBank-reentrancy,db51cfe3fb4a3646a38c5b5f6e018685,0x23a91059fdc9579a9fbd0edc5f2ea0bfdb70deb4,0.4.19,['reentrancy'],[107],[1]
Doublade,0x241c248b0db328e25921a91d04f43c985dedbd07-EncryptedToken-lowlevelcall_result,12232158c649c2dd6591ae7adf8d4b0d,0x241c248b0db328e25921a91d04f43c985dedbd07,0.4.16,['lowlevelcall_result'],[104],[4]
Doublade,0x244c8c078368a47ab3343927edb6f78fbdc93524-PLT-selfdestruct_result,050d9b669e0a36a25d8bcdfdab64cc2d,0x244c8c078368a47ab3343927edb6f78fbdc93524,0.4.21,[],[],[]
Doublade,0x24a7de87b3bd7298bbf8966fdf170c558d69ecc4-METADOLLAR-reentrancy,fc5d64bfe5ccb35b4ed5cab3715c72f7,0x24a7de87b3bd7298bbf8966fdf170c558d69ecc4,0.4.18,[],[],[]
Doublade,0x257586004f6828a01ba4a874d3cfd0757029f32a-dexBlue-reentrancy,393ff63c0199ed7185b34d4738e664b8,0x257586004f6828a01ba4a874d3cfd0757029f32a,0.4.25,['reentrancy'],[107],[1]
Doublade,0x26b7dedab33c58bc9edc26d9cd81b8eee43c24dd-FeeDisbursal-reentrancy,2233572df7d303e2c07807a96a9d719e,0x26b7dedab33c58bc9edc26d9cd81b8eee43c24dd,0.4.25,[],[],[]
Doublade,0x26fda14519788df69636f476535472ed6e35f8ce-BaseUnilotGame-unexpectedrevert_result,6c6181b8ea3ac386f2f33a3fb5d4ff88,,0.4.16,['unexpectedrevert_result'],[113],[5]
Doublade,0x288a59c489f20b0f0c2b71fb4e96d35469b27cb1-Winner-unexpectedrevert_result,d5e0db964fcde75b2120ae0dc5ac4764,0x288a59c489f20b0f0c2b71fb4e96d35469b27cb1,0.4.24,[],[],[]
Doublade,0x2948002e609e5b5e286b91f1d47bb924c4274b69-usingOraclize-reentrancy,bf2dae18806681f9676b01b984d5d065,,0.4.16,[],[],[]
Doublade,0x2ae9d68295f8b6c3a12ee5279271980830775f30-WinEthFree-unexpectedrevert_result,2e8fd96ad2a73ae6e808291676e83167,0x2ae9d68295f8b6c3a12ee5279271980830775f30,0.4.24,['unexpectedrevert_result'],[113],[5]
Doublade,0x2cc6ca9c3023a6a876fd54a03f68281c7aad0e8b-Escrow-tx_result,f9fd336ff8ee40adcc4d448645593a3a,,0.4.13,['tx_result'],[115],[2]
Doublade,0x2e76886f251caf2efe6853b181cea3385cc3a24b-DunkPayToken-unexpectedrevert_result,415e4a37eaeb00c35eed7aa1e7892de2,0x2e76886f251caf2efe6853b181cea3385cc3a24b,0.4.16,['unexpectedrevert_result'],[113],[5]
Doublade,0x308df6e60b7dffc2bdee7fa62d41ef53ac5d4e43-NFToken-unexpectedrevert_result,47af77101e987ad95522794a53eca146,0x308df6e60b7dffc2bdee7fa62d41ef53ac5d4e43,0.4.18,['unexpectedrevert_result'],[113],[5]
Doublade,0x31b88320c5f5a45813d4a6f96f1d292c4f4383a2-ClitCrowdFunder-selfdestruct_result,ed679072f04151e0ed0688db8cef11a1,0x31b88320c5f5a45813d4a6f96f1d292c4f4383a2,0.4.11,['selfdestruct_result'],[106],[2]
Doublade,0x31c9c1e892b916fee242ec35fcb2220abfea3be9-RevvaCoin-lowlevelcall_result,c5383c7dab903b1d9763794f4c3ce0a8,0x31c9c1e892b916fee242ec35fcb2220abfea3be9,0.4.8,['lowlevelcall_result'],[104],[4]
Doublade,0x3268ecb4fcba1ca9f43da8ed05ffc80382cef1da-AddressLottery-reentrancy,71bc5d102050e91557d75f0b087aae87,0x3268ecb4fcba1ca9f43da8ed05ffc80382cef1da,0.4.0,[],[],[]
Doublade,0x32f916bcfae02a2a385ec0219a07fa2374bae7bb-NamiExchange-lowlevelcall_result,c57b05b71072e5fca179a077a3a8c2c2,,0.4.18,['reentrancy'],[107],[1]
Doublade,0x352dbba201af66f98a47f2b280bff45f9050dbf8-DrainMe-lowlevelcall_result,60ed3c5f11a25112a4e77bbce1476d8a,,0.4.23,['lowlevelcall_result'],[104],[4]
Doublade,0x35d3bcec3031cd342377d1258c506f46ce913625-CrowdSale-lowlevelcall_result,bd7662ae83ebb128239184eed056eabc,0x35d3bcec3031cd342377d1258c506f46ce913625,0.4.11,['lowlevelcall_result'],[104],[4]
Doublade,0x36649d5c33dff01abe05f769e5f2a1e8de178695-WheelOfEther-tx_result,c5a1a75571a3a1b0470eff885f1481f6,0x36649d5c33dff01abe05f769e5f2a1e8de178695,0.4.23,[],[],[]
Doublade,0x3675357f253ee776012f7bf398151d1d683336fb-GFOT-selfdestruct_result,79d464de95c435b843eb8a6f73af22e5,0x3675357f253ee776012f7bf398151d1d683336fb,0.4.25,[],[],[]
Doublade,0x3b6ce42b61f2403cbc206d08f7f4f4587663b2d4-airdrop-lowlevelcall_result,2670a1455a1ff1fc23d11215c8c78a54,0x3b6ce42b61f2403cbc206d08f7f4f4587663b2d4,0.4.24,['lowlevelcall_result'],[104],[4]
Doublade,0x3bb3354f82654dd609300e92c92cf2c7c1bf3171-Escrow-tx_result,5e9f0a854ba9ec437a9ed124a9f687d8,,0.4.23,['tx_result'],[115],[2]
Doublade,0x3c96c6e76c403c774ba2ab023df5730375c09b2d-ShortOrder-reentrancy,81eb0e47925a6b49da533f82c1454ad4,0x3c96c6e76c403c774ba2ab023df5730375c09b2d,0.4.18,[],[],[]
Doublade,0x3d4ab214362b3aabe76b17e1a078895a7cb7dc9d-usingOraclize-reentrancy,9ac09d4ee9af4133fb0d013f7da08456,,0.4.20,[],[],[]
Doublade,0x3e013fc32a54c4c5b6991ba539dcd0ec4355c859-MultiplicatorX4-lowlevelcall_result,c38ee289214a9d4bd1fb30f1c100c28e,0x3e013fc32a54c4c5b6991ba539dcd0ec4355c859,0.4.18,"['lowlevelcall_result', 'unchecked_low_level_calls']",[104],[4]
Doublade,0x3f2ef511aa6e75231e4deafc7a3d2ecab3741de2-WhaleGiveaway2-lowlevelcall_result,da4c5eb90780078af0c90ee0fe6a68ab,0x3f2ef511aa6e75231e4deafc7a3d2ecab3741de2,0.4.19,"['lowlevelcall_result', 'unchecked_low_level_calls']",[104],[4]
Doublade,0x42afcf6295c8ba5ca9e772f60a7d28670b0cbfd5-GoldmintMigration-selfdestruct_result,e34238b4096e6c12743696a50f675851,,0.4.19,[],[],[]
Doublade,0x42fdf1a3ae9f83e80690490ebc0a3b04c5b68de5-CCBank-unexpectedrevert_result,cfc75cd177ab89a914c390fce8197787,0x42fdf1a3ae9f83e80690490ebc0a3b04c5b68de5,0.4.25,[],[],[]
Doublade,0x4341852389bd149920cae3540dd88031ade8d0e6-MilkCoinToken-unexpectedrevert_result,d2c637d61e4434b5efbd04cbc909c6b8,,0.4.18,['unexpectedrevert_result'],[113],[5]
Doublade,0x438301bbb5941f2d6c6db74ee90474cad8692087-CryptoThingWithDescendants-unexpectedrevert_result,a33a96af304f77e7e84074f5b5820824,0x438301bbb5941f2d6c6db74ee90474cad8692087,0.4.19,['unexpectedrevert_result'],[113],[5]
Doublade,0x4473d7e836e473aba72af381536a979e5063f7f8-CobinhoodBuyer-reentrancy,e6184a749b8354c86c131e72e2a1ea29,0x4473d7e836e473aba72af381536a979e5063f7f8,0.4.13,[],[],[]
Doublade,0x49b84450a9a56081ce570920aa578c35e0b2461f-TokenToken-unexpectedrevert_result,31ad0f5defdf4b7398e6dac0486526c1,0x49b84450a9a56081ce570920aa578c35e0b2461f,0.4.4,['unexpectedrevert_result'],[113],[5]
Doublade,0x4a1455fae5da12cd75b3f34b323bf7836c1862be-BananaGame-reentrancy,c34a6f332c52c0e11ce7fe97afb453ee,0x4a1455fae5da12cd75b3f34b323bf7836c1862be,0.4.0,[],[],[]
Doublade,0x4a184673b7247ea15227d8f738a0627e0b17d72a-Minewar-unexpectedrevert_result,3630d1b84817c4f80032323885ed2274,0x4a184673b7247ea15227d8f738a0627e0b17d72a,0.4.2,[],[],[]
Doublade,0x4a73d9fe078fa67601047f88c3e6c270602e5709-ETH_GAME-tx_result,55340828a462711e442969af0df94da3,0x4a73d9fe078fa67601047f88c3e6c270602e5709,0.4.20,[],[],[]
Doublade,0x4ab2e8b268ae0d5daca0bfe8dccfe674c07c7b9d-QUIZ-tx_result,ca1cdcabe837d53feb273e2995be06b7,0x4ab2e8b268ae0d5daca0bfe8dccfe674c07c7b9d,0.4.25,[],[],[]
Doublade,0x4abc1ebf49ab9d98c83609f6475e6ec75ffe409b-PresalePool-reentrancy,9af2918a940b4083f048ba28a9ceb391,0x4abc1ebf49ab9d98c83609f6475e6ec75ffe409b,0.4.19,[],[],[]
Doublade,0x4e646a576917a6a47d5b0896c3e207693870869d-usingOraclize-reentrancy,49db1e055853dcf78e984d206a4726e2,,0.4.0,[],[],[]
Doublade,0x4eb3ce14fda3a874ecad0e9ad988258c827bae82-Base-lowlevelcall_result,52c682ab889662a3bada7d1e03e11ba5,,0.4.18,['lowlevelcall_result'],[104],[4]
Doublade,0x4ec648e7b9683771edb8edeb80ca3fde53695415-Winner-unexpectedrevert_result,4cb3e244ca466b3e654ec5d16cbd5025,0x4ec648e7b9683771edb8edeb80ca3fde53695415,0.4.24,[],[],[]
Doublade,0x4fdb91dbce6cee2e08cf85d26eaa3e9bca0c12fe-UnicornBreeding-reentrancy,cae97654b597003da41941406a92b94b,0x4fdb91dbce6cee2e08cf85d26eaa3e9bca0c12fe,0.4.21,[],[],[]
Doublade,0x51430fbd23a8aef3d82e4240152ba379ff84016b-PornSceneToken-unexpectedrevert_result,d5644192c926a42e6f0639104f747e54,,0.4.18,['unexpectedrevert_result'],[113],[5]
Doublade,0x526af336d614ade5cc252a407062b8861af998f5-SaiProxy-reentrancy,257a376ef76f8a57ef0160de3e272342,,0.4.23,[],[],[]
Doublade,0x554712b13067f5a0e067d368cd2a67a2ab7acf78-PresalePool-reentrancy,07601b034f8e36319188e57a49bd5ce8,0x554712b13067f5a0e067d368cd2a67a2ab7acf78,0.4.19,[],[],[]
Doublade,0x56609c7dcb32cbedf7c5896cbb29b227bf4ec6a1-EFTCrowdsale-selfdestruct_result,0c7b631a8ef6749bf461c2a5c41b1c3b,0x56609c7dcb32cbedf7c5896cbb29b227bf4ec6a1,0.4.16,[],[],[]
Doublade,0x5689774160fb27235337d328b45664e0d33f05c1-PowerCoin-reentrancy,ffb80f16332c0d6d30c4b5288b11be77,0x5689774160fb27235337d328b45664e0d33f05c1,0.4.18,[],[],[]
Doublade,0x58dfcfbd7955a67287eb0e4ba38a233c6f0f8012-MultiSendEth-unexpectedrevert_result,6dec2e7010cda69d567f2708d7abccb7,0x58dfcfbd7955a67287eb0e4ba38a233c6f0f8012,0.4.19,['unexpectedrevert_result'],[113],[5]
Doublade,0x5a609ce4b74fea5a4647fba3e3343ca850c5b049-Winner-unexpectedrevert_result,a5e869f6d7b468e63424d1c1d7c50586,0x5a609ce4b74fea5a4647fba3e3343ca850c5b049,0.4.24,[],[],[]
Doublade,0x600fa06479e92164a1fe2929653d766b12e727c7-enigma_games-tx_result,fdbb8f009ee7ad4510638bc1b8ff367e,0x600fa06479e92164a1fe2929653d766b12e727c7,0.4.25,[],[],[]
Doublade,0x6057c0ee0ff3a6c58a84716b12c5647a95e267a7-ConstantinopleMasterNodes-lowlevelcall_result,d68d11491a8ec41e730860daa041fc07,0x6057c0ee0ff3a6c58a84716b12c5647a95e267a7,0.4.25,['lowlevelcall_result'],[104],[4]
Doublade,0x621c1528829b70bfe6df7fa82251ed7271ab8104-luxbio_bio-selfdestruct_result,e40aad3025ecd3e706b607fc79f59b56,0x621c1528829b70bfe6df7fa82251ed7271ab8104,0.4.24,[],[],[]
Doublade,0x63065b3d5211a527bd0622250410d7f251a8148c-QUICK_GAME-tx_result,e035e825d28b503493e822254b0a89ae,0x63065b3d5211a527bd0622250410d7f251a8148c,0.4.25,[],[],[]
Doublade,0x6324d9d0a23f5ddba165bf8cc61da455350895f2-AddressLottery-reentrancy,623b60cd8d87f9188f6192d7202edb88,0x6324d9d0a23f5ddba165bf8cc61da455350895f2,0.4.0,[],[],[]
Doublade,0x63cef38c75d9805a36d92fa291bae781b41861e1-R1Exchange-reentrancy,1fccc49820463b6455a167ee50fbdebd,0x63cef38c75d9805a36d92fa291bae781b41861e1,0.4.20,['unexpectedrevert_result'],[113],[5]
Doublade,0x63d3d0215922b924c782c7b2a351ef8604e18da7-Ether_Quiz-tx_result,f53ca57fabb40c4ace043c7d8a26c4bc,0x63d3d0215922b924c782c7b2a351ef8604e18da7,0.4.20,[],[],[]
Doublade,0x68624055746f380d3f9feb8e1122e26bff47a263-X_GAME-tx_result,eaabb2462aaf56d4cdc0752243b1d0e3,0x68624055746f380d3f9feb8e1122e26bff47a263,0.4.25,[],[],[]
Doublade,0x68a93cb6c0f92e56fa19cd78d4d670f3ea3d5020-TotlePrimary-reentrancy,6bdd34740960552fdc6487f513dcd3e1,0x68a93cb6c0f92e56fa19cd78d4d670f3ea3d5020,0.4.25,[],[],[]
Doublade,0x6966d08f508451acee2b4036be01c5f370f30c04-DSExec-reentrancy,f21a824407dfb37c81f7fbbd8d8e0e58,,0.4.11,['reentrancy'],[107],[1]
Doublade,0x6b1fb08639acec6ed415bacab6453b523aec7d4b-ShiftSale-unexpectedrevert_result,dffd4693ef6aeba044e631ba14c7153c,0x6b1fb08639acec6ed415bacab6453b523aec7d4b,0.4.18,['unexpectedrevert_result'],[113],[5]
Doublade,0x6c1bcb34142bffd35f57db626e0ac427af616a4d-EnjinBuyer-reentrancy,cbeda3b4f870a8b249e653c871b5d655,0x6c1bcb34142bffd35f57db626e0ac427af616a4d,0.4.13,[],[],[]
Doublade,0x6cb2b8dc6a508c9a21db9683d1a729715969a6ee-TokenEscrow-selfdestruct_result,93fcee47eb3d0ae4fc712150d049042e,0x6cb2b8dc6a508c9a21db9683d1a729715969a6ee,0.4.19,[],[],[]
Doublade,0x6f28b146804dba2d6f944c03528a8fdbc673df2c-Oraclize-lowlevelcall_result,1149b94c18c82d758c7807100f960103,0x6f28b146804dba2d6f944c03528a8fdbc673df2c,0.4.11,"['lowlevelcall_result', 'tx_result']","[104, 115]","[2, 4]"
Doublade,0x7025bab2ec90410de37f488d1298204cd4d6b29d-ERC223TokenCompatible-lowlevelcall_result,bc1abef02dec83776487eab6828e21ab,,0.4.19,"['lowlevelcall_result', 'tx_result']","[104, 115]","[2, 4]"
Doublade,0x72e70ad1fd8bb22318d31ed9e9fb85dc56bad19c-usingOraclize-reentrancy,f7c7eab17fb25c1b8e80dafe36a8e1f1,,0.4.8,[],[],[]
Doublade,0x73f2fd0df4bf82a1137c03e0d4656e5c35b03177-EtherTime-tx_result,e454860ba550e21f69b1cef56d7ee793,0x73f2fd0df4bf82a1137c03e0d4656e5c35b03177,0.4.25,['tx_result'],[115],[2]
Doublade,0x757f9a1ca2d3af327111c786ef923e67ab586b03-PreSale-unexpectedrevert_result,c7d62f596e221b046a2c07fd49e5f0da,0x757f9a1ca2d3af327111c786ef923e67ab586b03,0.4.23,[],[],[]
Doublade,0x75e13520fc29d0bcdd21da14ed693563091ff0fc-CryptoStars-lowlevelcall_result,b391a00bafe654d04da0deab1813fae1,0x75e13520fc29d0bcdd21da14ed693563091ff0fc,0.4.8,['lowlevelcall_result'],[104],[4]
Doublade,0x76d7aed5ab1c4a5e210d0ccac747d097f9d58966-usingOraclize-reentrancy,36a8d214d776783849bbd6c36d8efd3c,,0.4.25,[],[],[]
Doublade,0x77070dd59c298d766585de4b5ec2b4549ab28ecc-SealPrivateCrowdsale-selfdestruct_result,f4dfeae9bbd419f9989270431bcb466c,0x77070dd59c298d766585de4b5ec2b4549ab28ecc,0.4.16,[],[],[]
Doublade,0x7776a879ab315314db00f193a85aee7c53def11d-ETHERCREDIT-lowlevelcall_result,b69969618da401e7416b9da9a350b963,0x7776a879ab315314db00f193a85aee7c53def11d,0.4.17,['lowlevelcall_result'],[104],[4]
Doublade,0x7a0ec191d8f44f3bc3cbb4d1105ced31c30ff492-PiggyBank-selfdestruct_result,f0dc65105c22e60d4e58f31f2f27885c,0x7a0ec191d8f44f3bc3cbb4d1105ced31c30ff492,0.4.24,['selfdestruct_result'],[106],[2]
Doublade,0x7a4349a749e59a5736efb7826ee3496a2dfd5489-WhaleGiveaway1-lowlevelcall_result,c36165ab12a99af609b8d63351d74549,0x7a4349a749e59a5736efb7826ee3496a2dfd5489,0.4.19,"['lowlevelcall_result', 'unchecked_low_level_calls']",[104],[4]
Doublade,0x7a8721a9d64c74da899424c1b52acbf58ddc9782-PrivateDeposit-reentrancy,b89b0de4c15fed659060c0f00cda7134,0x7a8721a9d64c74da899424c1b52acbf58ddc9782,0.4.19,"['reentrancy', 'tx_result']","[107, 115]","[1, 2]"
Doublade,0x7bc51b19abe2cfb15d58f845dad027feab01bfa0-DividendDistributor-reentrancy,ee699a6fc9992d86e5b34e6086624d12,0x7bc51b19abe2cfb15d58f845dad027feab01bfa0,0.4.0,[],[],[]
Doublade,0x7be25071cc1dd10d8b0fff2390c015354425eea0-ETHedgeToken-lowlevelcall_result,d549618a2e7706247460eb71b125045c,0x7be25071cc1dd10d8b0fff2390c015354425eea0,0.4.25,['lowlevelcall_result'],[104],[4]
Doublade,0x7bf673fd8ff38eb8bf3c3e3a864d4bca40778c25-MyAdvancedToken-selfdestruct_result,23ab3ede29610bd47e71137a5018158e,0x7bf673fd8ff38eb8bf3c3e3a864d4bca40778c25,0.4.16,['selfdestruct_result'],[106],[2]
Doublade,0x7da90089a73edd14c75b0c827cb54f4248d47ecc-usingOraclize-reentrancy,41fd7d5882feed3cc226c5754ce74697,,0.4.0,[],[],[]
Doublade,0x820d413cb4c38d3b328cefc3e661072102d3898e-KALIFORCOINICO-selfdestruct_result,59322650d1f99795d38e9753bb71a350,0x820d413cb4c38d3b328cefc3e661072102d3898e,0.4.16,[],[],[]
Doublade,0x83928d7a16e0cbdf77d555c405a3975d11dcf0fa-Etherhero-lowlevelcall_result,2aa0463eab2d032082704363d95d759b,0x83928d7a16e0cbdf77d555c405a3975d11dcf0fa,0.4.25,['lowlevelcall_result'],[104],[4]
Doublade,0x84b6241ed47e935597bc5a14d5e9ef9fb53e77de-DefaultSweeper-reentrancy,20e72cb95d983104a0963965538d7243,,0.4.12,[],[],[]
Doublade,0x85e4cd785887cad7c6be93f2f34d5fa683f9bfcd-apexSolids-tx_result,a2f55746e74ba472b3c794083fc419b5,0x85e4cd785887cad7c6be93f2f34d5fa683f9bfcd,0.4.24,['tx_result'],[115],[2]
Doublade,0x865ee5df064bc1f4a39b95b75e612dd86011d35b-Lottery1ETH-lowlevelcall_result,1b1bfab3b26b94f0cfc340fde62736c8,0x865ee5df064bc1f4a39b95b75e612dd86011d35b,0.4.25,"['lowlevelcall_result', 'tx_result']","[104, 115]","[2, 4]"
Doublade,0x87902f1b5d50d1f71a17bc2ea613d38510e9aa67-BancorBuyer-reentrancy,9c37399dda2acd29509968dabe802aba,0x87902f1b5d50d1f71a17bc2ea613d38510e9aa67,0.4.24,['reentrancy'],[107],[1]
Doublade,0x895b56859690a859d201e5f716bf5f209c4dd9a9-usingOraclize-reentrancy,f3c95936a93c1b770af9be69bec26673,,0.4.11,[],[],[]
Doublade,0x8b922275de0fd52d5e5cbf4a2f807b2b62026704-Winner-unexpectedrevert_result,47f80bd0a847176738cf787ab46f3a1a,0x8b922275de0fd52d5e5cbf4a2f807b2b62026704,0.4.24,[],[],[]
Doublade,0x8c6f3d75873c66cf0300c9d6dfe8d607d1824204-ICOSyndicate-reentrancy,ac09cdde645a2a499ee33d7f0808b73d,0x8c6f3d75873c66cf0300c9d6dfe8d607d1824204,0.4.17,['reentrancy'],[107],[1]
Doublade,0x8d28f9261cca02d5e53aa5f6552dfa2dc14df75a-LeaderboardSlogans-selfdestruct_result,5035e7ea5d8acb1cbd2ea5481a750d1c,0x8d28f9261cca02d5e53aa5f6552dfa2dc14df75a,0.4.17,[],[],[]
Doublade,0x8f3c45d637a9c2103d06f917aeeaff25eb7224c7-TokenToken-unexpectedrevert_result,aed86f640a1ca751d0a2e7e82475aac1,0x8f3c45d637a9c2103d06f917aeeaff25eb7224c7,0.4.11,['unexpectedrevert_result'],[113],[5]
Doublade,0x903643251af408a3c5269c836b9a2a4a1f04d1cf-SysEscrow-reentrancy,244dae4d20ed64a10f8c412410b0c541,0x903643251af408a3c5269c836b9a2a4a1f04d1cf,0.4.18,"['reentrancy', 'tx_result']","[107, 115]","[1, 2]"
Doublade,0x927764bb17ce8b9f8c3a930ca4472d611ee93173-WheelOfEther-tx_result,91f7b8d6401af41502dbe6feae7fe898,0x927764bb17ce8b9f8c3a930ca4472d611ee93173,0.4.23,[],[],[]
Doublade,0x93ada935f8fea45c7ac043ecb6a3c61458d91c2f-Sale-unexpectedrevert_result,fca07c785315493aac69459bbea6b1d8,0x93ada935f8fea45c7ac043ecb6a3c61458d91c2f,0.4.13,[],[],[]
Doublade,0x96ddcf85c3798f01dae5212c6984f9cc467111f6-SimpleSaleToken-selfdestruct_result,85b3ba6ea7d48d536977f05ae08aa36a,0x96ddcf85c3798f01dae5212c6984f9cc467111f6,0.4.18,[],[],[]
Doublade,0x971e78e0c92392a4e39099835cf7e6ab535b2227-EtherNomin-selfdestruct_result,06ca816b56fd8da9526f896dfd3f135d,,0.4.21,[],[],[]
Doublade,0x978275d7652a35dc8df9ce6b62822aea6a97589d-RefStorage-tx_result,a168eace6972245ace67bab1421e7cab,0x978275d7652a35dc8df9ce6b62822aea6a97589d,0.4.25,['tx_result'],[115],[2]
Doublade,0x988b3a538b618c7a603e1c11ab82cd16dbe28069-KlerosLiquid-lowlevelcall_result,0b1332e23b1204f98d5d2284a541dabe,0x988b3a538b618c7a603e1c11ab82cd16dbe28069,0.4.25,['lowlevelcall_result'],[104],[4]
Doublade,0x99bab102c0a03438bcfd70119f07ee646db26ddf-GIFT_CARD-tx_result,febaedbde0766554de402e7847baa424,0x99bab102c0a03438bcfd70119f07ee646db26ddf,0.4.19,[],[],[]
Doublade,0x9c0c2c6d734d075a013c822b0cfea8917a3f5e75-CrowdSale-lowlevelcall_result,10343475be320666b3b64f6794c90ebd,0x9c0c2c6d734d075a013c822b0cfea8917a3f5e75,0.4.11,['lowlevelcall_result'],[104],[4]
Doublade,0x9d81adbad5dc8c4d474e080466d4741bec89df62-RIDDLE_GAME-tx_result,0f38a6a31712df8e7e341cd036fd9aa5,0x9d81adbad5dc8c4d474e080466d4741bec89df62,0.4.20,[],[],[]
Doublade,0xa0174f796d3b901adaa16cfbb589330462be0329-PrivateInvestment-reentrancy,57954bb1a9d9acec6bce76012147dcb2,0xa0174f796d3b901adaa16cfbb589330462be0329,0.4.0,[],[],[]
Doublade,0xa093e7943b942eb82f0a24ee3022aaf8217fe527-DiceLuck100-lowlevelcall_result,596450c94cbf6a75b2d81d7cb4a30f49,0xa093e7943b942eb82f0a24ee3022aaf8217fe527,0.4.24,['lowlevelcall_result'],[104],[4]
Doublade,0xa10e0ab575016f91df28c20306f359123be5ac7d-Reclaimable-reentrancy,9595c31849e19c65ec423fbd5035a595,,0.4.25,[],[],[]
Doublade,0xa32f986d638afb6bd81e74b7a4fc653625ffb1b4-ERC223TokenCompatible-lowlevelcall_result,45c24011c68a85bea39d0e3760db60b1,,0.4.19,['lowlevelcall_result'],[104],[4]
Doublade,0xa395480a4a90c7066c8ddb5db83e2718e750641c-PreSaleFund-reentrancy,bbebbb3a6132e658d463c2de5716ec98,0xa395480a4a90c7066c8ddb5db83e2718e750641c,0.4.11,[],[],[]
Doublade,0xa5629861c9c345f50221996ef852fd9665eb1c05-IronHands-reentrancy,f724adc25cd373596c4e727519bc758f,0xa5629861c9c345f50221996ef852fd9665eb1c05,0.4.21,[],[],[]
Doublade,0xa714169549d0624d32bce5dccba358d36350358f-GHHT-selfdestruct_result,61fd7260afd95f7dec23b13d54403c57,0xa714169549d0624d32bce5dccba358d36350358f,0.4.25,[],[],[]
Doublade,0xa85924729e6d65fcd23d8c7fcfb7065b709fff30-Etherpixels-lowlevelcall_result,e96b769b1ef8d36501e37d49c1b483d4,0xa85924729e6d65fcd23d8c7fcfb7065b709fff30,0.4.18,['lowlevelcall_result'],[104],[4]
Doublade,0xa9fa841e2b56be2d8b645819b46fedfd9e331206-SmartPyramid-unexpectedrevert_result,7492b42303855e72ec58f4750580ffc3,0xa9fa841e2b56be2d8b645819b46fedfd9e331206,0.4.24,['unexpectedrevert_result'],[113],[5]
Doublade,0xaa12936a79848938770bdbc5da0d49fe986678cc-PreSaleFund-reentrancy,538baeca159e3d02a50a2b2dc678cec4,0xaa12936a79848938770bdbc5da0d49fe986678cc,0.4.11,[],[],[]
Doublade,0xafc1d46163308c81bfb12d305ccb7deabb39e1fe-ETHedgeToken-lowlevelcall_result,a4d54f067024cfda27c1e32b782c8b42,0xafc1d46163308c81bfb12d305ccb7deabb39e1fe,0.4.25,['lowlevelcall_result'],[104],[4]
Doublade,0xafd128d46a857da71a6b9205fc3f4c862cb9db1c-CryptoBets-unexpectedrevert_result,25b97750b535cd33a76ac258e8342ff8,0xafd128d46a857da71a6b9205fc3f4c862cb9db1c,0.4.25,[],[],[]
Doublade,0xb02ae0bd0e1431337fce668d76a6ba4b6ecadd84-Lottery100ETH-lowlevelcall_result,0a657914023ad144786c19dd4d3c02c8,0xb02ae0bd0e1431337fce668d76a6ba4b6ecadd84,0.4.25,"['lowlevelcall_result', 'tx_result']","[104, 115]","[2, 4]"
Doublade,0xb15970c21d3fe0ed440980b056ab7fa7acb296b1-BaseUnilotGame-unexpectedrevert_result,4b5a3982a516ce37927c255f5a1039de,,0.4.16,['unexpectedrevert_result'],[113],[5]
Doublade,0xb22d042896cd46d073d3bf7b487522bbe1eeb5e7-LPPCampaign-tx_result,9111142444f821af1093dacad1bf56af,,0.4.11,[],[],[]
Doublade,0xb3b3fa00a534ab0c7437bc5e9f4f97f1f98b930d-LuckyCoin-tx_result,269316683cef371a77a9690ad81958ed,0xb3b3fa00a534ab0c7437bc5e9f4f97f1f98b930d,0.4.24,[],[],[]
Doublade,0xb620cee6b52f96f3c6b253e6eea556aa2d214a99-DrainMe-lowlevelcall_result,3b2d933606731de60cfd870cb1784de1,0xb620cee6b52f96f3c6b253e6eea556aa2d214a99,0.4.23,"['lowlevelcall_result', 'unchecked_low_level_calls']",[104],[4]
Doublade,0xb6232969a6c1f995c802b8ed84265e4f7f92076d-TERATO-lowlevelcall_result,528f5f115cd977485cac5602b20eb516,0xb6232969a6c1f995c802b8ed84265e4f7f92076d,0.4.17,['lowlevelcall_result'],[104],[4]
Doublade,0xb746aed479f18287dc8fc202fe06f25f1a0a60ae-Ethex-reentrancy,578c4dc33ce8c9c13071e7909c4c9fef,0xb746aed479f18287dc8fc202fe06f25f1a0a60ae,0.4.19,[],[],[]
Doublade,0xb7c6f23e9bfd56b7337916086b699f104959a2ff-ArtCash-lowlevelcall_result,089e01197d3c63c63adec44544b827d0,0xb7c6f23e9bfd56b7337916086b699f104959a2ff,0.4.8,['lowlevelcall_result'],[104],[4]
Doublade,0xb834a20ffe2c3feb10bc2f4d0f43ff532395e117-ProxyManagementContract-selfdestruct_result,811acd71b7004f6ff5c9266217683b08,0xb834a20ffe2c3feb10bc2f4d0f43ff532395e117,0.4.8,[],[],[]
Doublade,0xbd3696b01a487b012ba99628b06a1a7859f5ca23-CoinCrowdICO-tx_result,af09bbd76f52399f5a770684f8037795,0xbd3696b01a487b012ba99628b06a1a7859f5ca23,0.4.18,['tx_result'],[115],[2]
Doublade,0xbdb686ac471b374bdc844615c768c2595c2ff2fe-BoostContainer-selfdestruct_result,daad863b82f639980d4878627a5b1cf7,0xbdb686ac471b374bdc844615c768c2595c2ff2fe,0.4.17,[],[],[]
Doublade,0xbedb3a6957a892c6fe6419d80691647380717e1b-HFTCrowdsale-selfdestruct_result,bd32386ca9d9f19130cee3cb773c9456,0xbedb3a6957a892c6fe6419d80691647380717e1b,0.4.16,[],[],[]
Doublade,0xc399a8814e1fbb3095df330f8ff7f4916247ef94-think_and_get_rich-tx_result,c2cc6985f9bced8312f712ee1088ec50,0xc399a8814e1fbb3095df330f8ff7f4916247ef94,0.4.20,[],[],[]
Doublade,0xc446b5b0a696b6735bf95888a896253a1a5d25f5-TwoXJackpot-unexpectedrevert_result,8fe3e4e8c4c6c9be9977d3e286e67ee3,0xc446b5b0a696b6735bf95888a896253a1a5d25f5,0.4.18,['unexpectedrevert_result'],[113],[5]
Doublade,0xc4bb171729f2fbe23cdbb552ff13b53a9e08b4ee-DSExec-reentrancy,eeec1e8a9be3b58748c8e9f28342e429,,0.4.11,['reentrancy'],[107],[1]
Doublade,0xc58492b3b14f658adff566c988029308505f81b5-PonziScheme-lowlevelcall_result,ca401057aa85d16aacec92e6481f5a05,0xc58492b3b14f658adff566c988029308505f81b5,0.4.11,['lowlevelcall_result'],[104],[4]
Doublade,0xc7f4ade4874e06a20fab9c5dc4f1dd8b6d85faf2-Pie-lowlevelcall_result,0120a2934d0ffe4b904830fe899f554b,0xc7f4ade4874e06a20fab9c5dc4f1dd8b6d85faf2,0.4.19,"['lowlevelcall_result', 'unchecked_low_level_calls']",[104],[4]
Doublade,0xc80defd365fbac2dffeddfcb091b99afea6f8408-FruitFarm-lowlevelcall_result,b5cc23f7ab359dee0d91d69fe68ba880,0xc80defd365fbac2dffeddfcb091b99afea6f8408,0.4.19,['lowlevelcall_result'],[104],[4]
Doublade,0xc85b0c4874b8f06bfb3f9b65f252d60f962e60b7-ProfitContainerAdapter-lowlevelcall_result,efe5ebd718c6afa9c24214bb4373b40d,,0.4.0,[],[],[]
Doublade,0xcc62541f0492f7a77e46c457500b762f14a87df8-capital-tx_result,cea5824df581491e68a4360b122b089f,0xcc62541f0492f7a77e46c457500b762f14a87df8,0.4.25,[],[],[]
Doublade,0xcc88d8ea235eb37d427a7040674d751a689ba4bc-usingOraclize-reentrancy,62325a9e0d9d9c25b9fb82d68406be45,,0.4.17,[],[],[]
Doublade,0xce9ed0b322a1420da4b6990e3047796f57471336-LifetimeLottery-selfdestruct_result,b3f0539490f0cb3a97dd187a3a8d14a2,0xce9ed0b322a1420da4b6990e3047796f57471336,0.4.18,[],[],[]
Doublade,0xcf686b9c6d185d0091d07df8b9953702c78b0c20-TotlePrimary-reentrancy,b521486cd4db83789a805e758e04b120,0xcf686b9c6d185d0091d07df8b9953702c78b0c20,0.4.25,[],[],[]
Doublade,0xd1ce8888b962022365a660b17b4b6dcfa3c7ce7e-SX-lowlevelcall_result,57a69b2d2244b1919ab0d4790913d5ff,0xd1ce8888b962022365a660b17b4b6dcfa3c7ce7e,0.4.25,['lowlevelcall_result'],[104],[4]
Doublade,0xd3bb6ffb59d082f701bcdb5dc43a1753fc6b43da-usingOraclize-reentrancy,51b82cd091f192493f43dd2934e1b2fc,,0.4.16,[],[],[]
Doublade,0xd403cc1e2da3aa7d954e0ad34bef2df2b9a9f238-Distribution-reentrancy,54341e505565ff1c74622dbdd0765582,0xd403cc1e2da3aa7d954e0ad34bef2df2b9a9f238,0.4.18,['reentrancy'],[107],[1]
Doublade,0xd4342df2c7cfe5938540648582c8d222f1513c50-AddressLottery-tx_result,89e9b9687199ab4fb5c9172d958a65ab,0xd4342df2c7cfe5938540648582c8d222f1513c50,0.4.0,[],[],[]
Doublade,0xd61266e619f169b2cc766b192ca67d083f0c7144-usingOraclize-reentrancy,24e18c72fa5d744951c4e5fb8dc88585,,0.4.0,[],[],[]
Doublade,0xd73f1bcb7143776cadc3faf6cdd089267aca184c-SealCrowdsale-selfdestruct_result,5612b3b62c3508e67ec3309b68e7d1e2,0xd73f1bcb7143776cadc3faf6cdd089267aca184c,0.4.16,[],[],[]
Doublade,0xd897a2e34a5155e8ba5d4093a7ac883d374ff1d0-IronHandsCommerce-tx_result,19b3f898e3ce7f45756f8623cc0fb3c2,0xd897a2e34a5155e8ba5d4093a7ac883d374ff1d0,0.4.20,[],[],[]
Doublade,0xdc8944deaf5da0b81bcd38a87cbad0c0e793116f-ABTokenTransfer-selfdestruct_result,c7cb626246ef0c02fb90417c2b4425b8,0xdc8944deaf5da0b81bcd38a87cbad0c0e793116f,0.4.17,[],[],[]
Doublade,0xdcadd661d53c6def90e5ea3cec0a9feb7c0b08ce-DestructionContract-selfdestruct_result,52bc61b15493ea414ef56f53109fd753,0xdcadd661d53c6def90e5ea3cec0a9feb7c0b08ce,0.4.8,[],[],[]
Doublade,0xdcf59ee4803931a376a0fb6244036e49ebc7dd61-usingOraclize-reentrancy,5b2d5d9f0b175c925807af7945344b72,,0.4.8,[],[],[]
Doublade,0xdd4950f977ee28d2c132f1353d1595035db444ee-JIincForwarder-reentrancy,01dd4a2eacf1f751bcf9070bca20c3a2,0xdd4950f977ee28d2c132f1353d1595035db444ee,0.4.24,['reentrancy'],[107],[1]
Doublade,0xdd98b423dc61a756e1070de151b1485425505954-usingOraclize-reentrancy,b1dc998b811e7d3ac3b6eabb7a0cd0f8,,0.4.0,[],[],[]
Doublade,0xdfb4524b1c1fe01075fab0bb4e16db991d58a3bd-EBAYCrowdsale-selfdestruct_result,6259970b5f702b660ba9c07c158267f0,0xdfb4524b1c1fe01075fab0bb4e16db991d58a3bd,0.4.16,[],[],[]
Doublade,0xe137e3d0659e7dbf8e309dc6011d672456f379c7-WorldCupControl-lowlevelcall_result,2df7d405162a976fca745f8908b92ba9,,0.4.21,['lowlevelcall_result'],[104],[4]
Doublade,0xe158db4981bc51387c9b5b16f44244f1010ab325-UBets-unexpectedrevert_result,291a71d5b94d48a9113beae8c5808a7a,0xe158db4981bc51387c9b5b16f44244f1010ab325,0.4.25,['unexpectedrevert_result'],[113],[5]
Doublade,0xe28942df3b9502193a3547e6f6bad16ce63b1e2d-Escrow-reentrancy,0a7dcd7ad58d91e0373b21e4e4522cdf,0xe28942df3b9502193a3547e6f6bad16ce63b1e2d,0.4.13,['reentrancy'],[107],[1]
Doublade,0xe5221f29861508d7556249f19924effe391db237-EnjinBuyer-reentrancy,a794164d9ea7ec96d50ba1d3a1b98ae4,0xe5221f29861508d7556249f19924effe391db237,0.4.13,[],[],[]
Doublade,0xe53965850110c8333b5f3a957786d21e427b1af8-Hold-unexpectedrevert_result,31b06ae14cd358592e7d6dc725e86230,,0.4.18,[],[],[]
Doublade,0xe63760e74ffd44ce7abdb7ca2e7fa01b357df460-DividendDistributorv2-reentrancy,f790bb39866041eb895855aeebef1748,0xe63760e74ffd44ce7abdb7ca2e7fa01b357df460,0.4.0,[],[],[]
Doublade,0xe642b6f79041c60d8447679b3a499f18d8b03b81-usingOraclize-reentrancy,53d983142dfc565b8196a72045480d66,,0.4.0,[],[],[]
Doublade,0xe73e933e6252cbc7f34cf6efa5ba16db5705e22c-usingOraclize-reentrancy,d6c8151380c7c6bad67db91e8ad25e98,,0.4.21,[],[],[]
Doublade,0xe7b85bf9964a38124b1ce55392aa284ef3311c28-usingOraclize-reentrancy,b9149e1ccfbe786399f7ac68f3b732bc,,0.4.20,[],[],[]
Doublade,0xe8a6d8e9a08281b0e235ad54ddedd98920517dff-DigitalGame-unexpectedrevert_result,27f15df89a4e097988f61c1a3e7d600e,0xe8a6d8e9a08281b0e235ad54ddedd98920517dff,0.4.24,['unexpectedrevert_result'],[113],[5]
Doublade,0xe9a3217b3e9c7384dd62c0159ab05ea00ab4093a-BinaryOption-unexpectedrevert_result,92824bc00e630f9cfe39b28b9fd9f442,0xe9a3217b3e9c7384dd62c0159ab05ea00ab4093a,0.4.18,"['reentrancy', 'unexpectedrevert_result']","[107, 113]","[1, 5]"
Doublade,0xea13bfa584e6d7e4c8409a1178805a367821e2f6-PredictionMarket-selfdestruct_result,cd0c01291be1ee8ae25897e1248050c2,0xea13bfa584e6d7e4c8409a1178805a367821e2f6,0.4.15,[],[],[]
Doublade,0xec987914ade432ce9806f418787a4ed0b0e77000-LuckyDice-reentrancy,46b2f61235579f0b557bf95f18407ea8,0xec987914ade432ce9806f418787a4ed0b0e77000,0.4.18,[],[],[]
Doublade,0xece701c76bd00d1c3f96410a0c69ea8dfcf5f34e-Etheroll-reentrancy,3d621d123e2dedc7eb65b7bc9f88ebc3,0xece701c76bd00d1c3f96410a0c69ea8dfcf5f34e,0.4.2,[],[],[]
Doublade,0xed42398a3df99e482039c2aec8000dba75296ee9-enigma-tx_result,55d078d9b5cdda996c1578c5320af52f,0xed42398a3df99e482039c2aec8000dba75296ee9,0.4.25,[],[],[]
Doublade,0xee735ce6b54893322648a232cfd754fa10cf1627-usingOraclize-reentrancy,4ecd7575165cbb435173923a17c1a0f9,,0.4.24,[],[],[]
Doublade,0xeeedac8686ae12183129e80e632e922dd8daecc4-usingOraclize-reentrancy,544ddf7650d4359817a2526b33091fa5,,0.4.24,[],[],[]
Doublade,0xf2b89f45cc4ebbf11a36bdb4a4b24eada8dd30a7-AirDrop-unexpectedrevert_result,606b426b367d87d5b9fbad5ffc5b0a63,0xf2b89f45cc4ebbf11a36bdb4a4b24eada8dd30a7,0.4.19,['unexpectedrevert_result'],[113],[5]
Doublade,0xf34c379ad51bce4e9b1cea34088d643349d625dd-usingOraclize-reentrancy,5520ef7276baf29282ea39f04ba93b0e,,0.4.0,[],[],[]
Doublade,0xf3cfb35afdbffea20892488ba7f1574adda81b9d-Proof-tx_result,2f5b4d39dec156c3c7f614ce4342e4be,0xf3cfb35afdbffea20892488ba7f1574adda81b9d,0.4.21,[],[],[]
Doublade,0xf4061630645f15bd1122614bcd71403c1f53a10f-usingOraclize-reentrancy,f6a8a85b9f8fb206a537a3c2ff157850,,0.4.25,[],[],[]
Doublade,0xf955eb3e1b055e68ca155f58167cd83d6dc195b5-SmartMinFin-lowlevelcall_result,8cf08d1010adcb85c21317082b802a0e,0xf955eb3e1b055e68ca155f58167cd83d6dc195b5,0.4.25,['lowlevelcall_result'],[104],[4]
Doublade,0xf9dd354be4a35ba3f44f8b51564e9d5110b16357-NeterContract-selfdestruct_result,0689868d0f2bb3d567f68060207b0c84,0xf9dd354be4a35ba3f44f8b51564e9d5110b16357,0.4.8,[],[],[]
Doublade,0xfa35645dd7d666f7f8743db98245518cdf348667-TribalWarfare-tx_result,2e76154cc851693b0f240bf61b52c539,0xfa35645dd7d666f7f8743db98245518cdf348667,0.4.24,[],[],[]
Doublade,0xfacc5b21597487575667dde047fc6e5d58bdae55-Crowdsale-lowlevelcall_result,83b05b513521748ab92e85bf9a0ea4c0,0xfacc5b21597487575667dde047fc6e5d58bdae55,0.4.15,['lowlevelcall_result'],[104],[4]
Doublade,0xfdf8de115951517d16fdaedc088d2b67aed5b031-TossCoin-lowlevelcall_result,f40331f125cbb04c4b76d63feb921879,0xfdf8de115951517d16fdaedc088d2b67aed5b031,0.4.25,['lowlevelcall_result'],[104],[4]
Doublade,0xfea71f436ec963507c26f424d93168e4285cd822-batchTransfer-unexpectedrevert_result,4703a8f7b7da3f307b26c9344414169c,0xfea71f436ec963507c26f424d93168e4285cd822,0.4.21,['unexpectedrevert_result'],[113],[5]
Doublade,0xffcf7f75602157e36fbe09047e7fafaf69e530e8-DiceGame-reentrancy,92bead7a99a660d6202bd617dcdf4b8e,0xffcf7f75602157e36fbe09047e7fafaf69e530e8,0.4.24,[],[],[]
Doublade,0xfffb790342fbb071f972b23884c97185f4166805-Crowdsale-reentrancy,b0a615f17a640d6ee7a46abb962cb30f,,0.4.0,['reentrancy'],[107],[1]
