id,1,2,3,4,5,6,7,8,9,10
Overflow-Underflow-3,0,0,1,0,0,0,0,0,0,0
Overflow-Underflow-30,0,0,1,0,0,0,0,0,0,0
mishandled,0,0,0,1,0,0,0,0,0,0
byte[],0,0,0,0,0,0,0,0,0,1
Overflow-Underflow-31,0,0,1,0,0,0,0,0,0,0
modifier_reentrancy,1,0,0,0,0,0,0,0,0,0
Overflow-Underflow-32,0,0,1,0,0,0,0,0,0,0
Overflow-Underflow-33,0,0,1,0,0,0,0,0,0,0
Overflow-Underflow-34,0,0,1,0,0,0,0,0,0,0
Overflow-Underflow-20,0,0,1,0,0,0,0,0,0,0
Overflow-Underflow-21,0,0,1,0,0,0,0,0,0,0
Overflow-Underflow-35,0,0,1,0,0,0,0,0,0,0
NoGuessTheNumber,0,0,0,0,0,0,0,0,0,0
Timestamp-Dependency-12,0,0,0,0,0,0,0,1,0,0
Unchecked-Send-20,0,0,0,1,0,0,0,0,0,0
Unchecked-Send-15,0,0,0,1,0,0,0,0,0,0
Overflow-Underflow-37,0,0,1,0,0,0,0,0,0,0
NoLockedMoney1,0,0,0,0,0,0,0,0,0,0
Timestamp-Dependency-4,0,0,0,0,0,0,0,1,0,0
Overflow-Underflow-38,0,0,1,0,0,0,0,0,0,0
Overflow-Underflow-22,0,0,1,0,0,0,0,0,0,0
Overflow-Underflow-39,0,0,1,0,0,0,0,0,0,0
0x11606995338d83acabcd06babaf4cdad66c73140-usingOraclize-reentrancy,0,0,0,0,0,0,0,0,0,0
0x38e9d51419dc53bb8c899a5fd473ce111b1757c4-usingOraclize-reentrancy,0,0,0,0,0,0,0,0,0,0
0x395df49c20e34a7ea995cbf546e54f66172992ea-BlockHashRNG-lowlevelcall_result,0,0,0,1,0,0,0,0,0,0
Overflow-Underflow-4,0,0,1,0,0,0,0,0,0,0
MissConstructor1,0,1,0,0,0,0,0,0,0,0
Overflow-Underflow-40,0,0,1,0,0,0,0,0,0,0
Overflow-Underflow-41,0,0,1,0,0,0,0,0,0,0
Overflow-Underflow-42,0,0,1,0,0,0,0,0,0,0
Overflow-Underflow-43,0,0,1,0,0,0,0,0,0,0
Unchecked-Send-16,0,0,0,1,0,0,0,0,0,0
Overflow-Underflow-44,0,0,1,0,0,0,0,0,0,0
0x3a630495c7611b4da41bf133554374caa3963b75-PornSceneToken-unexpectedrevert_result,0,0,0,0,1,0,0,0,0,0
Unchecked-Send-17,0,0,0,1,0,0,0,0,0,0
Re-entrancy-27,1,0,0,0,0,0,0,0,0,0
ImplicitVisibility1,0,1,0,0,0,0,0,0,0,0
Re-entrancy-12,1,0,0,0,0,0,0,0,0,0
Overflow-Underflow-45,0,0,1,0,0,0,0,0,0,0
Overflow-Underflow-46,0,0,1,0,0,0,0,0,0,0
Overflow-Underflow-23,0,0,1,0,0,0,0,0,0,0
Overflow-Underflow-47,0,0,1,0,0,0,0,0,0,0
Overflow-Underflow-48,0,0,1,0,0,0,0,0,0,0
Unchecked-Send-18,0,0,0,1,0,0,0,0,0,0
Overflow-Underflow-49,0,0,1,0,0,0,0,0,0,0
NoComplexFallback,0,0,0,0,0,0,0,0,0,0
Overflow-Underflow-5,0,0,1,0,0,0,0,0,0,0
Unchecked-Send-19,0,0,0,1,0,0,0,0,0,0
Overflow-Underflow-50,0,0,1,0,0,0,0,0,0,0
Overflow-Underflow-6,0,0,1,0,0,0,0,0,0,0
0x775a86858b77cbe7950bb307525a6459d6b01411-DSExec-reentrancy,1,0,0,0,0,0,0,0,0,0
Unchecked-Send-13,0,0,0,1,0,0,0,0,0,0
Unchecked-Send-2,0,0,0,1,0,0,0,0,0,0
Overflow-Underflow-7,0,0,1,0,0,0,0,0,0,0
Unchecked-Send-14,0,0,0,1,0,0,0,0,0,0
IntegerSignednessError,0,0,1,0,0,0,0,0,0,0
Unchecked-Send-21,0,0,0,1,0,0,0,0,0,0
Unchecked-Send-22,0,0,0,1,0,0,0,0,0,0
Overflow-Underflow-8,0,0,1,0,0,0,0,0,0,0
Unhandled-Exceptions-43,0,0,0,1,0,0,0,0,0,0
Overflow-Underflow-9,0,0,1,0,0,0,0,0,0,0
0x07a5410e4d3ef9680137e0242ccdb78425cb6c43-TokenBase-selfdestruct_result,0,0,0,0,0,0,0,0,0,0
Re-entrancy-1,1,0,0,0,0,0,0,0,0,0
Unchecked-Send-23,0,0,0,1,0,0,0,0,0,0
Re-entrancy-10,1,0,0,0,0,0,0,0,0,0
Re-entrancy-11,1,0,0,0,0,0,0,0,0,0
Re-entrancy-13,1,0,0,0,0,0,0,0,0,0
Unchecked-Send-24,0,0,0,1,0,0,0,0,0,0
Re-entrancy-14,1,0,0,0,0,0,0,0,0,0
Unhandled-Exceptions-44,0,0,0,1,0,0,0,0,0,0
Re-entrancy-15,1,0,0,0,0,0,0,0,0,0
Re-entrancy-16,1,0,0,0,0,0,0,0,0,0
0x903ec4ef3d003f05356f3890f13e53421fa4e42a-SelfDesctructionContract-selfdestruct_result,0,0,0,0,0,0,0,0,0,0
Re-entrancy-17,1,0,0,0,0,0,0,0,0,0
Unchecked-Send-25,0,0,0,1,0,0,0,0,0,0
Re-entrancy-18,1,0,0,0,0,0,0,0,0,0
0x07c1c8c2bce6290daa554118b7d208041615ce54-TokenSale-tx_result,0,0,0,0,0,0,0,0,0,0
MissConstructor,0,1,0,0,0,0,0,0,0,0
Timestamp-Dependency-46,0,0,0,0,0,0,0,1,0,0
Unchecked-Send-26,0,0,0,1,0,0,0,0,0,0
Timestamp-Dependency-6,0,0,0,0,0,0,0,1,0,0
Re-entrancy-19,1,0,0,0,0,0,0,0,0,0
Re-entrancy-2,1,0,0,0,0,0,0,0,0,0
ArbitraryFunctionType,0,0,0,0,0,0,0,0,0,1
Re-entrancy-20,1,0,0,0,0,0,0,0,0,0
Unchecked-Send-27,0,0,0,1,0,0,0,0,0,0
NestedCall,0,0,0,0,1,0,0,0,0,0
ArbitraryWrite,0,1,0,0,0,0,0,0,0,0
Unchecked-Send-48,0,0,0,1,0,0,0,0,0,0
Re-entrancy-21,1,0,0,0,0,0,0,0,0,0
badProxy,0,1,0,0,0,0,0,0,0,0
NoArbitraryFunctionType,0,0,0,0,0,0,0,0,0,0
Unchecked-Send-28,0,0,0,1,0,0,0,0,0,0
Re-entrancy-22,1,0,0,0,0,0,0,0,0,0
Re-entrancy-23,1,0,0,0,0,0,0,0,0,0
AssertError,0,0,0,0,0,0,0,0,0,1
Re-entrancy-24,1,0,0,0,0,0,0,0,0,0
BarRequireError,0,0,0,0,0,0,0,0,0,1
Unhandled-Exceptions-45,0,0,0,1,0,0,0,0,0,0
NoAssertError,0,0,0,0,0,0,0,0,0,0
Unchecked-Send-29,0,0,0,1,0,0,0,0,0,0
Re-entrancy-25,1,0,0,0,0,0,0,0,0,0
BobAnswer,0,0,0,0,1,0,0,0,0,0
NoBadDelegate,0,0,0,0,0,0,0,0,0,0
Unchecked-Send-3,0,0,0,1,0,0,0,0,0,0
Re-entrancy-26,1,0,0,0,0,0,0,0,0,0
ConstBalanceInLoop,0,0,0,0,0,0,0,0,0,1
Unhandled-Exceptions-46,0,0,0,1,0,0,0,0,0,0
Unchecked-Send-30,0,0,0,1,0,0,0,0,0,0
Re-entrancy-28,1,0,0,0,0,0,0,0,0,0
Unchecked-Send-31,0,0,0,1,0,0,0,0,0,0
Re-entrancy-29,1,0,0,0,0,0,0,0,0,0
Unchecked-Send-32,0,0,0,1,0,0,0,0,0,0
Unhandled-Exceptions-47,0,0,0,1,0,0,0,0,0,0
Re-entrancy-3,1,0,0,0,0,0,0,0,0,0
Re-entrancy-30,1,0,0,0,0,0,0,0,0,0
Re-entrancy-31,1,0,0,0,0,0,0,0,0,0
Unhandled-Exceptions-48,0,0,0,1,0,0,0,0,0,0
Re-entrancy-32,1,0,0,0,0,0,0,0,0,0
Re-entrancy-33,1,0,0,0,0,0,0,0,0,0
Unhandled-Exceptions-49,0,0,0,1,0,0,0,0,0,0
Unhandled-Exceptions-5,0,0,0,1,0,0,0,0,0,0
NoBadProxy,0,0,0,0,0,0,0,0,0,0
NoBobAnswer,0,0,0,0,0,0,0,0,0,0
Re-entrancy-34,1,0,0,0,0,0,0,0,0,0
NoByte[],0,0,0,0,0,0,0,0,0,0
DangerousRandomNumbers,0,0,0,0,0,1,0,0,0,0
Timestamp-Dependency-20,0,0,0,0,0,0,0,1,0,0
Unchecked-Send-33,0,0,0,1,0,0,0,0,0,0
Unhandled-Exceptions-50,0,0,0,1,0,0,0,0,0,0
NoConstBalanceInLoop,0,0,0,0,0,0,0,0,0,0
FalseOrder,0,0,0,0,0,0,0,0,0,1
Unchecked-Send-34,0,0,0,1,0,0,0,0,0,0
Re-entrancy-35,1,0,0,0,0,0,0,0,0,0
Unchecked-Send-35,0,0,0,1,0,0,0,0,0,0
badTxorigin,0,1,0,0,0,0,0,0,0,0
Unchecked-Send-37,0,0,0,1,0,0,0,0,0,0
Re-entrancy-37,1,0,0,0,0,0,0,0,0,0
Re-entrancy-38,1,0,0,0,0,0,0,0,0,0
Unchecked-Send-38,0,0,0,1,0,0,0,0,0,0
Unchecked-Send-39,0,0,0,1,0,0,0,0,0,0
Re-entrancy-39,1,0,0,0,0,0,0,0,0,0
Unhandled-Exceptions-6,0,0,0,1,0,0,0,0,0,0
Re-entrancy-4,1,0,0,0,0,0,0,0,0,0
deleteDynamic,0,0,0,0,0,0,0,0,0,1
Unhandled-Exceptions-7,0,0,0,1,0,0,0,0,0,0
NoConstBalanceInLoop1,0,0,0,0,0,0,0,0,0,0
Unchecked-Send-4,0,0,0,1,0,0,0,0,0,0
deleteDynamicArray,0,0,0,0,1,0,0,0,0,0
Re-entrancy-40,1,0,0,0,0,0,0,0,0,0
deprecated,0,0,0,0,0,0,0,0,0,1
Unchecked-Send-40,0,0,0,1,0,0,0,0,0,0
Re-entrancy-41,1,0,0,0,0,0,0,0,0,0
Unhandled-Exceptions-8,0,0,0,1,0,0,0,0,0,0
Re-entrancy-9,1,0,0,0,0,0,0,0,0,0
Re-entrancy-42,1,0,0,0,0,0,0,0,0,0
Unhandled-Exceptions-37,0,0,0,1,0,0,0,0,0,0
Re-entrancy-43,1,0,0,0,0,0,0,0,0,0
Re-entrancy-44,1,0,0,0,0,0,0,0,0,0
dowhileButNoContinue,0,0,0,0,0,0,0,0,0,0
GuessNumber,0,0,0,0,0,0,0,0,0,1
Re-entrancy-45,1,0,0,0,0,0,0,0,0,0
Re-entrancy-46,1,0,0,0,0,0,0,0,0,0
Unhandled-Exceptions-9,0,0,0,1,0,0,0,0,0,0
tx.origin-1,0,1,0,0,0,0,0,0,0,0
Re-entrancy-47,1,0,0,0,0,0,0,0,0,0
HardCodeAddress,0,0,0,0,1,0,0,0,0,0
tx.origin-10,0,1,0,0,0,0,0,0,0,0
tx.origin-11,0,1,0,0,0,0,0,0,0,0
tx.origin-12,0,1,0,0,0,0,0,0,0,0
Unchecked-Send-41,0,0,0,1,0,0,0,0,0,0
Re-entrancy-48,1,0,0,0,0,0,0,0,0,0
Re-entrancy-49,1,0,0,0,0,0,0,0,0,0
Re-entrancy-5,1,0,0,0,0,0,0,0,0,0
dowhileContinue,0,0,0,0,1,0,0,0,0,0
NoPrivatePass,0,0,0,0,0,0,0,0,0,0
NoDeleteDynamic,0,0,0,0,0,0,0,0,0,0
Unchecked-Send-42,0,0,0,1,0,0,0,0,0,0
Re-entrancy-50,1,0,0,0,0,0,0,0,0,0
tx.origin-13,0,1,0,0,0,0,0,0,0,0
Re-entrancy-6,1,0,0,0,0,0,0,0,0,0
Re-entrancy-7,1,0,0,0,0,0,0,0,0,0
Re-entrancy-8,1,0,0,0,0,0,0,0,0,0
tx.origin-14,0,1,0,0,0,0,0,0,0,0
TOD-1,0,0,0,0,0,0,1,0,0,0
TOD-10,0,0,0,0,0,0,1,0,0,0
TOD-11,0,0,0,0,0,0,1,0,0,0
NoProdigal,0,0,0,0,0,0,0,0,0,0
tx.origin-15,0,1,0,0,0,0,0,0,0,0
NoDeleteDynamicArray,0,0,0,0,0,0,0,0,0,0
tx.origin-16,0,1,0,0,0,0,0,0,0,0
TOD-12,0,0,0,0,0,0,1,0,0,0
TOD-13,0,0,0,0,0,0,1,0,0,0
tx.origin-17,0,1,0,0,0,0,0,0,0,0
NoPushButNoPull,0,0,0,0,0,0,0,0,0,0
TOD-14,0,0,0,0,0,0,1,0,0,0
NoReentranceBySend,0,0,0,0,0,0,0,0,0,0
tx.origin-18,0,1,0,0,0,0,0,0,0,0
tx.origin-19,0,1,0,0,0,0,0,0,0,0
TOD-15,0,0,0,0,0,0,1,0,0,0
NoDeprecated,0,0,0,0,0,0,0,0,0,0
tx.origin-2,0,1,0,0,0,0,0,0,0,0
TOD-16,0,0,0,0,0,0,1,0,0,0
dowhileContinueIn050,0,0,0,0,0,0,0,0,0,0
Unchecked-Send-43,0,0,0,1,0,0,0,0,0,0
tx.origin-20,0,1,0,0,0,0,0,0,0,0
TOD-17,0,0,0,0,0,0,1,0,0,0
NoFalseOrder,0,0,0,0,0,0,0,0,0,0
Unchecked-Send-44,0,0,0,1,0,0,0,0,0,0
TOD-18,0,0,0,0,0,0,1,0,0,0
TOD-19,0,0,0,0,0,0,1,0,0,0
TOD-2,0,0,0,0,0,0,1,0,0,0
TOD-20,0,0,0,0,0,0,1,0,0,0
tx.origin-21,0,1,0,0,0,0,0,0,0,0
Unchecked-Send-45,0,0,0,1,0,0,0,0,0,0
tx.origin-22,0,1,0,0,0,0,0,0,0,0
TOD-21,0,0,0,0,0,0,1,0,0,0
TOD-22,0,0,0,0,0,0,1,0,0,0
gray_ ArbitraryWrite,0,0,0,0,0,0,0,0,0,0
TOD-23,0,0,0,0,0,0,1,0,0,0
gray_BobAnswer,0,0,0,0,0,0,0,0,0,0
NoReentranceByTransfer,0,0,0,0,0,0,0,0,0,0
TOD-24,0,0,0,0,0,0,1,0,0,0
TOD-25,0,0,0,0,0,0,1,0,0,0
NoReplayAttack,0,0,0,0,0,0,0,0,0,0
TOD-26,0,0,0,0,0,0,1,0,0,0
NoPreSentEther,0,0,0,0,0,0,0,0,0,0
NoRequireError,0,0,0,0,0,0,0,0,0,0
NoPrivateModifier,0,0,0,0,0,0,0,0,0,0
gray_DowhileContinue,0,0,0,0,0,0,0,0,0,0
NoReturnInCons,0,0,0,0,0,0,0,0,0,0
tx.origin-23,0,1,0,0,0,0,0,0,0,0
TOD-27,0,0,0,0,0,0,1,0,0,0
Unchecked-Send-46,0,0,0,1,0,0,0,0,0,0
privateModifier,0,0,0,0,0,0,0,0,0,1
TOD-28,0,0,0,0,0,0,1,0,0,0
TOD-29,0,0,0,0,0,0,1,0,0,0
TOD-3,0,0,0,0,0,0,1,0,0,0
TOD-30,0,0,0,0,0,0,1,0,0,0
TOD-31,0,0,0,0,0,0,1,0,0,0
dos_address,0,0,0,0,1,0,0,0,0,0
Unchecked-Send-47,0,0,0,1,0,0,0,0,0,0
dos_number,0,0,0,0,1,0,0,0,0,0
TOD-32,0,0,0,0,0,0,1,0,0,0
TOD-33,0,0,0,0,0,0,1,0,0,0
TOD-34,0,0,0,0,0,0,1,0,0,0
tx.origin-24,0,1,0,0,0,0,0,0,0,0
TOD-35,0,0,0,0,0,0,1,0,0,0
Unchecked-Send-49,0,0,0,1,0,0,0,0,0,0
TOD-37,0,0,0,0,0,0,1,0,0,0
Unchecked-Send-5,0,0,0,1,0,0,0,0,0,0
dos_simple,0,0,0,0,1,0,0,0,0,0
NoUnhandledException2,0,0,0,0,0,0,0,0,0,0
eth_tx_order_dependence_minimal,0,0,0,0,0,0,1,0,0,0
TOD-38,0,0,0,0,0,0,1,0,0,0
TOD-39,0,0,0,0,0,0,1,0,0,0
Lockdrop,0,0,0,0,1,0,0,0,0,0
TOD-4,0,0,0,0,0,0,1,0,0,0
TOD-40,0,0,0,0,0,0,1,0,0,0
NoRevertError,0,0,0,0,0,0,0,0,0,0
MDTCrowdsale,0,0,0,0,0,0,0,0,0,1
TOD-41,0,0,0,0,0,0,1,0,0,0
TOD-42,0,0,0,0,0,0,1,0,0,0
TOD-43,0,0,0,0,0,0,1,0,0,0
tx.origin-25,0,1,0,0,0,0,0,0,0,0
Unchecked-Send-50,0,0,0,1,0,0,0,0,0,0
TOD-44,0,0,0,0,0,0,1,0,0,0
TOD-45,0,0,0,0,0,0,1,0,0,0
TOD-46,0,0,0,0,0,0,1,0,0,0
NoHardCodeAddress,0,0,0,0,0,0,0,0,0,0
NoShadowingState,0,0,0,0,0,0,0,0,0,0
tx.origin-26,0,1,0,0,0,0,0,0,0,0
TOD-47,0,0,0,0,0,0,1,0,0,0
TOD-48,0,0,0,0,0,0,1,0,0,0
tx.origin-27,0,1,0,0,0,0,0,0,0,0
NoShortAddressAttack,0,0,0,0,0,0,0,0,0,0
TOD-49,0,0,0,0,0,0,1,0,0,0
TOD-5,0,0,0,0,0,0,1,0,0,0
tx.origin-28,0,1,0,0,0,0,0,0,0,0
TOD-50,0,0,0,0,0,0,1,0,0,0
TOD-6,0,0,0,0,0,0,1,0,0,0
tx.origin-29,0,1,0,0,0,0,0,0,0,0
NoSigWrongPara,0,0,0,0,0,0,0,0,0,0
NoImmutableToConstant,0,0,0,0,0,0,0,0,0,0
Unchecked-Send-6,0,0,0,1,0,0,0,0,0,0
TOD-7,0,0,0,0,0,0,1,0,0,0
Unchecked-Send-7,0,0,0,1,0,0,0,0,0,0
tx.origin-3,0,1,0,0,0,0,0,0,0,0
Unchecked-Send-8,0,0,0,1,0,0,0,0,0,0
TOD-8,0,0,0,0,0,0,1,0,0,0
tx.origin-30,0,1,0,0,0,0,0,0,0,0
NoSuicideEasily,0,0,0,0,0,0,0,0,0,0
NoImplicitVisibility,0,0,0,0,0,0,0,0,0,0
tx.origin-31,0,1,0,0,0,0,0,0,0,0
tx.origin-32,0,1,0,0,0,0,0,0,0,0
TOD-9,0,0,0,0,0,0,1,0,0,0
tx.origin-34,0,1,0,0,0,0,0,0,0,0
Unchecked-Send-9,0,0,0,1,0,0,0,0,0,0
tx.origin-35,0,1,0,0,0,0,0,0,0,0
NoInfiniteLoop,0,0,0,0,0,0,0,0,0,0
Unhandled-Exceptions-1,0,0,0,1,0,0,0,0,0,0
tx.origin-37,0,1,0,0,0,0,0,0,0,0
tx.origin-38,0,1,0,0,0,0,0,0,0,0
Unhandled-Exceptions-10,0,0,0,1,0,0,0,0,0,0
Timestamp-Dependency-1,0,0,0,0,0,0,0,1,0,0
Unhandled-Exceptions-11,0,0,0,1,0,0,0,0,0,0
Unhandled-Exceptions-12,0,0,0,1,0,0,0,0,0,0
Timestamp-Dependency-10,0,0,0,0,0,0,0,1,0,0
Timestamp-Dependency-11,0,0,0,0,0,0,0,1,0,0
Unhandled-Exceptions-13,0,0,0,1,0,0,0,0,0,0
Timestamp-Dependency-13,0,0,0,0,0,0,0,1,0,0
Timestamp-Dependency-40,0,0,0,0,0,0,0,1,0,0
NoIntegerSignednessError,0,0,0,0,0,0,0,0,0,0
Unhandled-Exceptions-14,0,0,0,1,0,0,0,0,0,0
Timestamp-Dependency-14,0,0,0,0,0,0,0,1,0,0
Timestamp-Dependency-15,0,0,0,0,0,0,0,1,0,0
approve,0,0,0,0,0,0,1,0,0,0
tx.origin-39,0,1,0,0,0,0,0,0,0,0
Unhandled-Exceptions-15,0,0,0,1,0,0,0,0,0,0
Timestamp-Dependency-16,0,0,0,0,0,0,0,1,0,0
Timestamp-Dependency-17,0,0,0,0,0,0,0,1,0,0
Unhandled-Exceptions-16,0,0,0,1,0,0,0,0,0,0
NoTooManyDigits,0,0,0,0,0,0,0,0,0,0
NoLockedMoney,0,0,0,0,0,0,0,0,0,0
Unhandled-Exceptions-17,0,0,0,1,0,0,0,0,0,0
Timestamp-Dependency-18,0,0,0,0,0,0,0,1,0,0
tx.origin-4,0,1,0,0,0,0,0,0,0,0
Timestamp-Dependency-19,0,0,0,0,0,0,0,1,0,0
tx.origin-40,0,1,0,0,0,0,0,0,0,0
tx.origin-41,0,1,0,0,0,0,0,0,0,0
Timestamp-Dependency-2,0,0,0,0,0,0,0,1,0,0
Timestamp-Dependency-21,0,0,0,0,0,0,0,1,0,0
Unhandled-Exceptions-18,0,0,0,1,0,0,0,0,0,0
Timestamp-Dependency-22,0,0,0,0,0,0,0,1,0,0
tx.origin-42,0,1,0,0,0,0,0,0,0,0
Timestamp-Dependency-23,0,0,0,0,0,0,0,1,0,0
Timestamp-Dependency-24,0,0,0,0,0,0,0,1,0,0
NoTooManyDigits1,0,0,0,0,0,0,0,0,0,0
NoMissConstructor,0,0,0,0,0,0,0,0,0,0
tx.origin-43,0,1,0,0,0,0,0,0,0,0
Unhandled-Exceptions-19,0,0,0,1,0,0,0,0,0,0
Unhandled-Exceptions-2,0,0,0,1,0,0,0,0,0,0
Timestamp-Dependency-25,0,0,0,0,0,0,0,1,0,0
Unhandled-Exceptions-20,0,0,0,1,0,0,0,0,0,0
Timestamp-Dependency-26,0,0,0,0,0,0,0,1,0,0
Unhandled-Exceptions-21,0,0,0,1,0,0,0,0,0,0
Timestamp-Dependency-27,0,0,0,0,0,0,0,1,0,0
NoTruncationError,0,0,0,0,0,0,0,0,0,0
Timestamp-Dependency-28,0,0,0,0,0,0,0,1,0,0
ShadowingInFunctions,0,0,0,0,0,0,0,0,0,1
Unhandled-Exceptions-22,0,0,0,1,0,0,0,0,0,0
Timestamp-Dependency-9,0,0,0,0,0,0,0,1,0,0
Unhandled-Exceptions-23,0,0,0,1,0,0,0,0,0,0
Unchecked-Send-1,0,0,0,1,0,0,0,0,0,0
tx.origin-44,0,1,0,0,0,0,0,0,0,0
Unhandled-Exceptions-24,0,0,0,1,0,0,0,0,0,0
Unchecked-Send-10,0,0,0,1,0,0,0,0,0,0
TokenSale,0,0,0,0,0,0,0,0,0,1
tx.origin-45,0,1,0,0,0,0,0,0,0,0
Unchecked-Send-11,0,0,0,1,0,0,0,0,0,0
TokenSale_fixed,0,0,0,0,0,0,0,0,0,0
Unchecked-Send-12,0,0,0,1,0,0,0,0,0,0
WalletLibrary,0,1,0,0,0,0,0,0,0,0
Unhandled-Exceptions-25,0,0,0,1,0,0,0,0,0,0
Unhandled-Exceptions-26,0,0,0,1,0,0,0,0,0,0
Timestamp-Dependency-29,0,0,0,0,0,0,0,1,0,0
Timestamp-Dependency-3,0,0,0,0,0,0,0,1,0,0
NoTruncationError1,0,0,0,0,0,0,0,0,0,0
tx.origin-46,0,1,0,0,0,0,0,0,0,0
tx.origin-47,0,1,0,0,0,0,0,0,0,0
Unhandled-Exceptions-27,0,0,0,1,0,0,0,0,0,0
Timestamp-Dependency-30,0,0,0,0,0,0,0,1,0,0
tx.origin-48,0,1,0,0,0,0,0,0,0,0
NoUncappedVersion,0,0,0,0,0,0,0,0,0,0
tx.origin-49,0,1,0,0,0,0,0,0,0,0
access_control,0,0,0,0,0,0,0,0,0,1
Unhandled-Exceptions-28,0,0,0,1,0,0,0,0,0,0
Timestamp-Dependency-31,0,0,0,0,0,0,0,1,0,0
Unhandled-Exceptions-38,0,0,0,1,0,0,0,0,0,0
Timestamp-Dependency-32,0,0,0,0,0,0,0,1,0,0
NoUncappedVersion1,0,0,0,0,0,0,0,0,0,0
access_control_fixed_1,0,0,0,0,0,0,0,0,0,0
NoUnderflow,0,0,0,0,0,0,0,0,0,0
Timestamp-Dependency-33,0,0,0,0,0,0,0,1,0,0
Unhandled-Exceptions-39,0,0,0,1,0,0,0,0,0,0
access_control_fixed_2,0,0,0,0,0,0,0,0,0,0
Timestamp-Dependency-34,0,0,0,0,0,0,0,1,0,0
arbitrary_location_write_simple,0,1,0,0,0,0,0,0,0,0
NoUnhandledException1,0,0,0,0,0,0,0,0,0,0
tx.origin-5,0,1,0,0,0,0,0,0,0,0
Unhandled-Exceptions-29,0,0,0,1,0,0,0,0,0,0
Unhandled-Exceptions-3,0,0,0,1,0,0,0,0,0,0
tx.origin-50,0,1,0,0,0,0,0,0,0,0
Timestamp-Dependency-35,0,0,0,0,0,0,0,1,0,0
Timestamp-Dependency-37,0,0,0,0,0,0,0,1,0,0
NoUninitLocalVar,0,0,0,0,0,0,0,0,0,0
Timestamp-Dependency-38,0,0,0,0,0,0,0,1,0,0
Unhandled-Exceptions-30,0,0,0,1,0,0,0,0,0,0
arbitrary_location_write_simple_fixed,0,0,0,0,0,0,0,0,0,0
Unhandled-Exceptions-4,0,0,0,1,0,0,0,0,0,0
Timestamp-Dependency-39,0,0,0,0,0,0,0,1,0,0
tx.origin-6,0,1,0,0,0,0,0,0,0,0
tx.origin-7,0,1,0,0,0,0,0,0,0,0
NoMissConstructor1,0,0,0,0,0,0,0,0,0,0
Unhandled-Exceptions-40,0,0,0,1,0,0,0,0,0,0
Unhandled-Exceptions-41,0,0,0,1,0,0,0,0,0,0
Unhandled-Exceptions-42,0,0,0,1,0,0,0,0,0,0
complexFallback,0,0,0,0,1,0,0,0,0,0
tx.origin-8,0,1,0,0,0,0,0,0,0,0
Timestamp-Dependency-41,0,0,0,0,0,0,0,1,0,0
Unhandled-Exceptions-31,0,0,0,1,0,0,0,0,0,0
NoNestedCall,0,0,0,0,0,0,0,0,0,0
assert_constructor,0,0,0,0,0,0,0,0,0,1
Timestamp-Dependency-42,0,0,0,0,0,0,0,1,0,0
Unhandled-Exceptions-32,0,0,0,1,0,0,0,0,0,0
replayAttack2,0,1,0,0,0,0,0,0,0,0
incorrect_constructor_name1,0,1,0,0,0,0,0,0,0,0
assert_minimal,0,0,0,0,0,0,0,0,0,1
assert_multitx_1,0,0,0,0,0,0,0,0,0,0
Timestamp-Dependency-43,0,0,0,0,0,0,0,1,0,0
incorrect_constructor_name2,0,1,0,0,0,0,0,0,0,0
incorrect_constructor_name3,0,1,0,0,0,0,0,0,0,0
assert_multitx_2,0,0,0,0,0,0,0,0,0,1
Timestamp-Dependency-44,0,0,0,0,0,0,0,1,0,0
tx.origin-9,0,1,0,0,0,0,0,0,0,0
tx.origin-33,0,1,0,0,0,0,0,0,0,0
NoOverflow,0,0,0,0,0,0,0,0,0,0
0x017a5d8d82afaa22bc29d75013d6ff3656e90851-ScamStamp-unexpectedrevert_result,0,0,0,0,1,0,0,0,0,0
0x038cf0fe8b400538211b0cdc2dbf4e9a8a36bda4-Multiplexer-unexpectedrevert_result,0,0,0,0,1,0,0,0,0,0
0x047187e53477be70dbe8ea5b799318f2e165052f-OMT-lowlevelcall_result,0,0,0,0,0,0,0,0,0,0
0x0528c39ef9f1fd7a05ef18f64408108fae156ab1-ExToke-reentrancy,0,0,0,0,0,0,0,0,0,0
0x05cd27a978fc9f9919a5f4c5c03e5947ed7d4c4d-GrungeTuesday-tx_result,0,0,0,0,0,0,0,0,0,0
0x05f49e3e0a27efa05d60c19cd8f0ecc951d3717e-Etherhero-lowlevelcall_result,0,0,0,1,0,0,0,0,0,0
0x060d68aeb7e817628d3df96ed396e61ece494081-EclipticBase-selfdestruct_result,0,1,0,0,0,0,0,0,0,0
0x07678e4c603a26e92962b6e547df99929b708baa-METADOLLAR-reentrancy,0,0,0,0,0,0,0,0,0,0
insecure_transfer,0,0,1,0,0,0,0,0,0,0
0x0821f459bfbe966bb93ad220ece6e1bdfcadeab3-TokenERC20-selfdestruct_result,0,1,0,0,0,0,0,0,0,0
0x085bf17d6c557254d0370514b97d16307b8f0775-ScamSeal-unexpectedrevert_result,0,0,0,0,1,0,0,0,0,0
0x08bc84c6beb7d3ce724273e485d85a6b1e6166a6-gioco-tx_result,0,0,0,0,0,0,0,0,0,0
0x096ddaec18064b702f7e53a42afea68ee4a27f54-MultiSigWalletWithDailyLimit-reentrancy,1,0,0,0,0,0,0,0,0,0
0x098af9afa803e2598bda464ea2fa0e144649f3f9-OraclesPresale-reentrancy,0,0,0,0,0,0,0,0,0,0
0x0a2ea71d943bf917b410593194595e1f48d40e54-CarefulTransfer-reentrancy,1,0,0,0,0,0,0,0,0,0
0x0a630de26e5b41eaef08741e74da4018a6c2e14c-dgame-lowlevelcall_result,0,0,0,1,0,0,0,0,0,0
0x0b35dd0696ee6c6338f2f08967891feb04183805-Exchange-reentrancy,0,0,0,0,0,0,0,0,0,0
0x0b6f6e073a08ab8fd458527c47ed83982ff26851-Vote-lowlevelcall_result,0,0,0,1,0,0,0,0,0,0
0x0fa7d98ae6fe67f3790dd3338f199a4676a10eb7-Airdrop-unexpectedrevert_result,0,0,0,0,1,0,0,0,0,0
0x10cc060f6f9b2e5dcdb23f1361e4b368a7daec73-UnicornManagement-tx_result,0,1,0,0,0,0,0,0,0,0
0x1199e1c21c89bf9653dc2996fed7168a6b587655-SnailTree-tx_result,0,1,0,0,0,0,0,0,0,0
0x126ae85a1ebf49dc946224f5268c6bd8338d49ae-PiggyBank-selfdestruct_result,0,1,0,0,0,0,0,0,0,0
0x131cf0d3b3cc6763417bffb2dfdc119fdebca002-usingOraclize-reentrancy,0,0,0,0,0,0,0,0,0,0
0x138e8f61c1e1908e145c02a12879f68051499d21-BurnableToken-selfdestruct_result,0,0,0,0,0,0,0,0,0,0
0x14d4661c507ed8a3c7641e08f3b3c6c69792ba14-MultiMonday-tx_result,0,0,0,0,0,0,0,0,0,0
0x150dbfc384ba5c13c304efd2efee73cc57cc2c16-Lottery10ETH-lowlevelcall_result,0,1,0,1,0,0,0,0,0,0
0x152df2cb3868bef5c6ed6b9feb0fb091c9e11a96-ETHLCrowdsale-selfdestruct_result,0,0,0,0,0,0,0,0,0,0
0x17c3b17843a7dd182ba35d21a88a71d6c4af216a-vault-tx_result,0,0,0,0,0,0,0,0,0,0
0x1872b33bb33e372d6f039a8b6af2e1be228bda23-usingOraclize-reentrancy,0,0,0,0,0,0,0,0,0,0
0x198cf24375eccdf599c624d10f0c6fb9b75ec215-Hold-unexpectedrevert_result,0,0,0,0,0,0,0,0,0,0
NoOverwhelming,0,0,0,0,0,0,0,0,0,0
0x1c2389c0b8014be72e11849ec0aa790b03929e18-FundingWallet-tx_result,0,0,0,0,0,0,0,0,0,0
0x1c36318a0b2a36636a32f9a712f5a709b4016f77-CreationContract-selfdestruct_result,0,0,0,0,0,0,0,0,0,0
0x1ca43a170bad619322e6f54d46b57e504db663aa-AKC-lowlevelcall_result,0,0,0,1,0,0,0,0,0,0
0x1d5854e7f4dd81d9d4c09097d3cc736c7771f234-vualt-tx_result,0,0,0,0,0,0,0,0,0,0
0x1e2fbe6be9eb39fc894d38be976111f332172d83-usingOraclize-reentrancy,0,0,0,0,0,0,0,0,0,0
0x1ff6f142ebdce220d8dd85eb31dcb92a47690846-Owned-tx_result,0,1,0,0,0,0,0,0,0,0
0x203feca1b8ded7e170188adba844f3b58ac25b63-MilkCoinToken-unexpectedrevert_result,0,0,0,0,1,0,0,0,0,0
0x2138ffe292fd0953f7fe2569111246e4de9ff1dc-MarketPrice-reentrancy,0,0,0,0,0,0,0,0,0,0
0x22141343a20640daaf695226b2233baeef0f0d62-EnjinBuyer-reentrancy,0,0,0,0,0,0,0,0,0,0
0x222d145d78ed722b2b0ca80b5b3f4b629d743562-DepositContract-reentrancy,0,0,0,0,0,0,0,0,0,0
0x22d2913a4bf16c8dcf1ee655f9b547ac55368f88-WaRoll-selfdestruct_result,0,0,0,0,0,0,0,0,0,0
0x238e2854ded65f30c9c7765cf26cc882949323d7-ProxyContract-selfdestruct_result,0,0,0,0,0,0,0,0,0,0
0x23a91059fdc9579a9fbd0edc5f2ea0bfdb70deb4-PrivateBank-reentrancy,1,0,0,0,0,0,0,0,0,0
0x241c248b0db328e25921a91d04f43c985dedbd07-EncryptedToken-lowlevelcall_result,0,0,0,1,0,0,0,0,0,0
0x244c8c078368a47ab3343927edb6f78fbdc93524-PLT-selfdestruct_result,0,0,0,0,0,0,0,0,0,0
0x24a7de87b3bd7298bbf8966fdf170c558d69ecc4-METADOLLAR-reentrancy,0,0,0,0,0,0,0,0,0,0
0x257586004f6828a01ba4a874d3cfd0757029f32a-dexBlue-reentrancy,1,0,0,0,0,0,0,0,0,0
0x26b7dedab33c58bc9edc26d9cd81b8eee43c24dd-FeeDisbursal-reentrancy,0,0,0,0,0,0,0,0,0,0
0x26fda14519788df69636f476535472ed6e35f8ce-BaseUnilotGame-unexpectedrevert_result,0,0,0,0,1,0,0,0,0,0
0x288a59c489f20b0f0c2b71fb4e96d35469b27cb1-Winner-unexpectedrevert_result,0,0,0,0,0,0,0,0,0,0
0x2948002e609e5b5e286b91f1d47bb924c4274b69-usingOraclize-reentrancy,0,0,0,0,0,0,0,0,0,0
0x2ae9d68295f8b6c3a12ee5279271980830775f30-WinEthFree-unexpectedrevert_result,0,0,0,0,1,0,0,0,0,0
0x2cc6ca9c3023a6a876fd54a03f68281c7aad0e8b-Escrow-tx_result,0,1,0,0,0,0,0,0,0,0
0x2e76886f251caf2efe6853b181cea3385cc3a24b-DunkPayToken-unexpectedrevert_result,0,0,0,0,1,0,0,0,0,0
0x308df6e60b7dffc2bdee7fa62d41ef53ac5d4e43-NFToken-unexpectedrevert_result,0,0,0,0,1,0,0,0,0,0
0x31b88320c5f5a45813d4a6f96f1d292c4f4383a2-ClitCrowdFunder-selfdestruct_result,0,1,0,0,0,0,0,0,0,0
0x31c9c1e892b916fee242ec35fcb2220abfea3be9-RevvaCoin-lowlevelcall_result,0,0,0,1,0,0,0,0,0,0
0x3268ecb4fcba1ca9f43da8ed05ffc80382cef1da-AddressLottery-reentrancy,0,0,0,0,0,0,0,0,0,0
0x32f916bcfae02a2a385ec0219a07fa2374bae7bb-NamiExchange-lowlevelcall_result,1,0,0,0,0,0,0,0,0,0
0x352dbba201af66f98a47f2b280bff45f9050dbf8-DrainMe-lowlevelcall_result,0,0,0,1,0,0,0,0,0,0
0x35d3bcec3031cd342377d1258c506f46ce913625-CrowdSale-lowlevelcall_result,0,0,0,1,0,0,0,0,0,0
0x36649d5c33dff01abe05f769e5f2a1e8de178695-WheelOfEther-tx_result,0,0,0,0,0,0,0,0,0,0
0x3675357f253ee776012f7bf398151d1d683336fb-GFOT-selfdestruct_result,0,0,0,0,0,0,0,0,0,0
0x3b6ce42b61f2403cbc206d08f7f4f4587663b2d4-airdrop-lowlevelcall_result,0,0,0,1,0,0,0,0,0,0
0x3bb3354f82654dd609300e92c92cf2c7c1bf3171-Escrow-tx_result,0,1,0,0,0,0,0,0,0,0
0x3c96c6e76c403c774ba2ab023df5730375c09b2d-ShortOrder-reentrancy,0,0,0,0,0,0,0,0,0,0
0x3d4ab214362b3aabe76b17e1a078895a7cb7dc9d-usingOraclize-reentrancy,0,0,0,0,0,0,0,0,0,0
0x3e013fc32a54c4c5b6991ba539dcd0ec4355c859-MultiplicatorX4-lowlevelcall_result,0,0,0,1,0,0,0,0,0,0
0x3f2ef511aa6e75231e4deafc7a3d2ecab3741de2-WhaleGiveaway2-lowlevelcall_result,0,0,0,1,0,0,0,0,0,0
0x42afcf6295c8ba5ca9e772f60a7d28670b0cbfd5-GoldmintMigration-selfdestruct_result,0,0,0,0,0,0,0,0,0,0
0x42fdf1a3ae9f83e80690490ebc0a3b04c5b68de5-CCBank-unexpectedrevert_result,0,0,0,0,0,0,0,0,0,0
0x4341852389bd149920cae3540dd88031ade8d0e6-MilkCoinToken-unexpectedrevert_result,0,0,0,0,1,0,0,0,0,0
0x438301bbb5941f2d6c6db74ee90474cad8692087-CryptoThingWithDescendants-unexpectedrevert_result,0,0,0,0,1,0,0,0,0,0
0x4473d7e836e473aba72af381536a979e5063f7f8-CobinhoodBuyer-reentrancy,0,0,0,0,0,0,0,0,0,0
integer_overflow_1,0,0,1,0,0,0,0,0,0,0
0x49b84450a9a56081ce570920aa578c35e0b2461f-TokenToken-unexpectedrevert_result,0,0,0,0,1,0,0,0,0,0
0x4a1455fae5da12cd75b3f34b323bf7836c1862be-BananaGame-reentrancy,0,0,0,0,0,0,0,0,0,0
0x4a184673b7247ea15227d8f738a0627e0b17d72a-Minewar-unexpectedrevert_result,0,0,0,0,0,0,0,0,0,0
0x4a73d9fe078fa67601047f88c3e6c270602e5709-ETH_GAME-tx_result,0,0,0,0,0,0,0,0,0,0
0x4ab2e8b268ae0d5daca0bfe8dccfe674c07c7b9d-QUIZ-tx_result,0,0,0,0,0,0,0,0,0,0
0x4abc1ebf49ab9d98c83609f6475e6ec75ffe409b-PresalePool-reentrancy,0,0,0,0,0,0,0,0,0,0
0x4e646a576917a6a47d5b0896c3e207693870869d-usingOraclize-reentrancy,0,0,0,0,0,0,0,0,0,0
0x4eb3ce14fda3a874ecad0e9ad988258c827bae82-Base-lowlevelcall_result,0,0,0,1,0,0,0,0,0,0
0x4ec648e7b9683771edb8edeb80ca3fde53695415-Winner-unexpectedrevert_result,0,0,0,0,0,0,0,0,0,0
0x4fdb91dbce6cee2e08cf85d26eaa3e9bca0c12fe-UnicornBreeding-reentrancy,0,0,0,0,0,0,0,0,0,0
0x51430fbd23a8aef3d82e4240152ba379ff84016b-PornSceneToken-unexpectedrevert_result,0,0,0,0,1,0,0,0,0,0
0x526af336d614ade5cc252a407062b8861af998f5-SaiProxy-reentrancy,0,0,0,0,0,0,0,0,0,0
0x554712b13067f5a0e067d368cd2a67a2ab7acf78-PresalePool-reentrancy,0,0,0,0,0,0,0,0,0,0
0x56609c7dcb32cbedf7c5896cbb29b227bf4ec6a1-EFTCrowdsale-selfdestruct_result,0,0,0,0,0,0,0,0,0,0
0x5689774160fb27235337d328b45664e0d33f05c1-PowerCoin-reentrancy,0,0,0,0,0,0,0,0,0,0
0x58dfcfbd7955a67287eb0e4ba38a233c6f0f8012-MultiSendEth-unexpectedrevert_result,0,0,0,0,1,0,0,0,0,0
0x5a609ce4b74fea5a4647fba3e3343ca850c5b049-Winner-unexpectedrevert_result,0,0,0,0,0,0,0,0,0,0
0x600fa06479e92164a1fe2929653d766b12e727c7-enigma_games-tx_result,0,0,0,0,0,0,0,0,0,0
0x6057c0ee0ff3a6c58a84716b12c5647a95e267a7-ConstantinopleMasterNodes-lowlevelcall_result,0,0,0,1,0,0,0,0,0,0
0x621c1528829b70bfe6df7fa82251ed7271ab8104-luxbio_bio-selfdestruct_result,0,0,0,0,0,0,0,0,0,0
0x63065b3d5211a527bd0622250410d7f251a8148c-QUICK_GAME-tx_result,0,0,0,0,0,0,0,0,0,0
0x6324d9d0a23f5ddba165bf8cc61da455350895f2-AddressLottery-reentrancy,0,0,0,0,0,0,0,0,0,0
0x63cef38c75d9805a36d92fa291bae781b41861e1-R1Exchange-reentrancy,0,0,0,0,1,0,0,0,0,0
0x63d3d0215922b924c782c7b2a351ef8604e18da7-Ether_Quiz-tx_result,0,0,0,0,0,0,0,0,0,0
0x68624055746f380d3f9feb8e1122e26bff47a263-X_GAME-tx_result,0,0,0,0,0,0,0,0,0,0
0x68a93cb6c0f92e56fa19cd78d4d670f3ea3d5020-TotlePrimary-reentrancy,0,0,0,0,0,0,0,0,0,0
0x6966d08f508451acee2b4036be01c5f370f30c04-DSExec-reentrancy,1,0,0,0,0,0,0,0,0,0
0x6b1fb08639acec6ed415bacab6453b523aec7d4b-ShiftSale-unexpectedrevert_result,0,0,0,0,1,0,0,0,0,0
0x6c1bcb34142bffd35f57db626e0ac427af616a4d-EnjinBuyer-reentrancy,0,0,0,0,0,0,0,0,0,0
0x6cb2b8dc6a508c9a21db9683d1a729715969a6ee-TokenEscrow-selfdestruct_result,0,0,0,0,0,0,0,0,0,0
0x6f28b146804dba2d6f944c03528a8fdbc673df2c-Oraclize-lowlevelcall_result,0,1,0,1,0,0,0,0,0,0
0x7025bab2ec90410de37f488d1298204cd4d6b29d-ERC223TokenCompatible-lowlevelcall_result,0,1,0,1,0,0,0,0,0,0
0x72e70ad1fd8bb22318d31ed9e9fb85dc56bad19c-usingOraclize-reentrancy,0,0,0,0,0,0,0,0,0,0
0x73f2fd0df4bf82a1137c03e0d4656e5c35b03177-EtherTime-tx_result,0,1,0,0,0,0,0,0,0,0
0x757f9a1ca2d3af327111c786ef923e67ab586b03-PreSale-unexpectedrevert_result,0,0,0,0,0,0,0,0,0,0
0x75e13520fc29d0bcdd21da14ed693563091ff0fc-CryptoStars-lowlevelcall_result,0,0,0,1,0,0,0,0,0,0
0x76d7aed5ab1c4a5e210d0ccac747d097f9d58966-usingOraclize-reentrancy,0,0,0,0,0,0,0,0,0,0
0x77070dd59c298d766585de4b5ec2b4549ab28ecc-SealPrivateCrowdsale-selfdestruct_result,0,0,0,0,0,0,0,0,0,0
0x7776a879ab315314db00f193a85aee7c53def11d-ETHERCREDIT-lowlevelcall_result,0,0,0,1,0,0,0,0,0,0
0x7a0ec191d8f44f3bc3cbb4d1105ced31c30ff492-PiggyBank-selfdestruct_result,0,1,0,0,0,0,0,0,0,0
0x7a4349a749e59a5736efb7826ee3496a2dfd5489-WhaleGiveaway1-lowlevelcall_result,0,0,0,1,0,0,0,0,0,0
0x7a8721a9d64c74da899424c1b52acbf58ddc9782-PrivateDeposit-reentrancy,1,1,0,0,0,0,0,0,0,0
0x7bc51b19abe2cfb15d58f845dad027feab01bfa0-DividendDistributor-reentrancy,0,0,0,0,0,0,0,0,0,0
0x7be25071cc1dd10d8b0fff2390c015354425eea0-ETHedgeToken-lowlevelcall_result,0,0,0,1,0,0,0,0,0,0
0x7bf673fd8ff38eb8bf3c3e3a864d4bca40778c25-MyAdvancedToken-selfdestruct_result,0,1,0,0,0,0,0,0,0,0
0x7da90089a73edd14c75b0c827cb54f4248d47ecc-usingOraclize-reentrancy,0,0,0,0,0,0,0,0,0,0
0x820d413cb4c38d3b328cefc3e661072102d3898e-KALIFORCOINICO-selfdestruct_result,0,0,0,0,0,0,0,0,0,0
0x83928d7a16e0cbdf77d555c405a3975d11dcf0fa-Etherhero-lowlevelcall_result,0,0,0,1,0,0,0,0,0,0
0x84b6241ed47e935597bc5a14d5e9ef9fb53e77de-DefaultSweeper-reentrancy,0,0,0,0,0,0,0,0,0,0
0x85e4cd785887cad7c6be93f2f34d5fa683f9bfcd-apexSolids-tx_result,0,1,0,0,0,0,0,0,0,0
integer_overflow_add,0,0,1,0,0,0,0,0,0,0
0x865ee5df064bc1f4a39b95b75e612dd86011d35b-Lottery1ETH-lowlevelcall_result,0,1,0,1,0,0,0,0,0,0
0x87902f1b5d50d1f71a17bc2ea613d38510e9aa67-BancorBuyer-reentrancy,1,0,0,0,0,0,0,0,0,0
0x895b56859690a859d201e5f716bf5f209c4dd9a9-usingOraclize-reentrancy,0,0,0,0,0,0,0,0,0,0
0x8b922275de0fd52d5e5cbf4a2f807b2b62026704-Winner-unexpectedrevert_result,0,0,0,0,0,0,0,0,0,0
0x8c6f3d75873c66cf0300c9d6dfe8d607d1824204-ICOSyndicate-reentrancy,1,0,0,0,0,0,0,0,0,0
0x8d28f9261cca02d5e53aa5f6552dfa2dc14df75a-LeaderboardSlogans-selfdestruct_result,0,0,0,0,0,0,0,0,0,0
0x8f3c45d637a9c2103d06f917aeeaff25eb7224c7-TokenToken-unexpectedrevert_result,0,0,0,0,1,0,0,0,0,0
0x903643251af408a3c5269c836b9a2a4a1f04d1cf-SysEscrow-reentrancy,1,1,0,0,0,0,0,0,0,0
0x927764bb17ce8b9f8c3a930ca4472d611ee93173-WheelOfEther-tx_result,0,0,0,0,0,0,0,0,0,0
0x93ada935f8fea45c7ac043ecb6a3c61458d91c2f-Sale-unexpectedrevert_result,0,0,0,0,0,0,0,0,0,0
0x96ddcf85c3798f01dae5212c6984f9cc467111f6-SimpleSaleToken-selfdestruct_result,0,0,0,0,0,0,0,0,0,0
0x971e78e0c92392a4e39099835cf7e6ab535b2227-EtherNomin-selfdestruct_result,0,0,0,0,0,0,0,0,0,0
0x978275d7652a35dc8df9ce6b62822aea6a97589d-RefStorage-tx_result,0,1,0,0,0,0,0,0,0,0
0x988b3a538b618c7a603e1c11ab82cd16dbe28069-KlerosLiquid-lowlevelcall_result,0,0,0,1,0,0,0,0,0,0
integer_overflow_benign_1,0,0,1,0,0,0,0,0,0,0
0x99bab102c0a03438bcfd70119f07ee646db26ddf-GIFT_CARD-tx_result,0,0,0,0,0,0,0,0,0,0
0x9c0c2c6d734d075a013c822b0cfea8917a3f5e75-CrowdSale-lowlevelcall_result,0,0,0,1,0,0,0,0,0,0
0x9d81adbad5dc8c4d474e080466d4741bec89df62-RIDDLE_GAME-tx_result,0,0,0,0,0,0,0,0,0,0
0xa0174f796d3b901adaa16cfbb589330462be0329-PrivateInvestment-reentrancy,0,0,0,0,0,0,0,0,0,0
0xa093e7943b942eb82f0a24ee3022aaf8217fe527-DiceLuck100-lowlevelcall_result,0,0,0,1,0,0,0,0,0,0
0xa10e0ab575016f91df28c20306f359123be5ac7d-Reclaimable-reentrancy,0,0,0,0,0,0,0,0,0,0
0xa32f986d638afb6bd81e74b7a4fc653625ffb1b4-ERC223TokenCompatible-lowlevelcall_result,0,0,0,1,0,0,0,0,0,0
0xa395480a4a90c7066c8ddb5db83e2718e750641c-PreSaleFund-reentrancy,0,0,0,0,0,0,0,0,0,0
0xa5629861c9c345f50221996ef852fd9665eb1c05-IronHands-reentrancy,0,0,0,0,0,0,0,0,0,0
0xa714169549d0624d32bce5dccba358d36350358f-GHHT-selfdestruct_result,0,0,0,0,0,0,0,0,0,0
HashCollision,0,0,0,0,0,0,0,0,0,1
0xa85924729e6d65fcd23d8c7fcfb7065b709fff30-Etherpixels-lowlevelcall_result,0,0,0,1,0,0,0,0,0,0
0xa9fa841e2b56be2d8b645819b46fedfd9e331206-SmartPyramid-unexpectedrevert_result,0,0,0,0,1,0,0,0,0,0
0xaa12936a79848938770bdbc5da0d49fe986678cc-PreSaleFund-reentrancy,0,0,0,0,0,0,0,0,0,0
0xafc1d46163308c81bfb12d305ccb7deabb39e1fe-ETHedgeToken-lowlevelcall_result,0,0,0,1,0,0,0,0,0,0
0xafd128d46a857da71a6b9205fc3f4c862cb9db1c-CryptoBets-unexpectedrevert_result,0,0,0,0,0,0,0,0,0,0
0xb02ae0bd0e1431337fce668d76a6ba4b6ecadd84-Lottery100ETH-lowlevelcall_result,0,1,0,1,0,0,0,0,0,0
0xb15970c21d3fe0ed440980b056ab7fa7acb296b1-BaseUnilotGame-unexpectedrevert_result,0,0,0,0,1,0,0,0,0,0
0xb22d042896cd46d073d3bf7b487522bbe1eeb5e7-LPPCampaign-tx_result,0,0,0,0,0,0,0,0,0,0
0xb3b3fa00a534ab0c7437bc5e9f4f97f1f98b930d-LuckyCoin-tx_result,0,0,0,0,0,0,0,0,0,0
0xb620cee6b52f96f3c6b253e6eea556aa2d214a99-DrainMe-lowlevelcall_result,0,0,0,1,0,0,0,0,0,0
0xb6232969a6c1f995c802b8ed84265e4f7f92076d-TERATO-lowlevelcall_result,0,0,0,1,0,0,0,0,0,0
0xb746aed479f18287dc8fc202fe06f25f1a0a60ae-Ethex-reentrancy,0,0,0,0,0,0,0,0,0,0
0xb7c6f23e9bfd56b7337916086b699f104959a2ff-ArtCash-lowlevelcall_result,0,0,0,1,0,0,0,0,0,0
0xb834a20ffe2c3feb10bc2f4d0f43ff532395e117-ProxyManagementContract-selfdestruct_result,0,0,0,0,0,0,0,0,0,0
0xbd3696b01a487b012ba99628b06a1a7859f5ca23-CoinCrowdICO-tx_result,0,1,0,0,0,0,0,0,0,0
0xbdb686ac471b374bdc844615c768c2595c2ff2fe-BoostContainer-selfdestruct_result,0,0,0,0,0,0,0,0,0,0
0xbedb3a6957a892c6fe6419d80691647380717e1b-HFTCrowdsale-selfdestruct_result,0,0,0,0,0,0,0,0,0,0
0xc399a8814e1fbb3095df330f8ff7f4916247ef94-think_and_get_rich-tx_result,0,0,0,0,0,0,0,0,0,0
0xc446b5b0a696b6735bf95888a896253a1a5d25f5-TwoXJackpot-unexpectedrevert_result,0,0,0,0,1,0,0,0,0,0
0xc4bb171729f2fbe23cdbb552ff13b53a9e08b4ee-DSExec-reentrancy,1,0,0,0,0,0,0,0,0,0
0xc58492b3b14f658adff566c988029308505f81b5-PonziScheme-lowlevelcall_result,0,0,0,1,0,0,0,0,0,0
constructor_create,0,0,0,0,0,0,0,0,0,1
0xc7f4ade4874e06a20fab9c5dc4f1dd8b6d85faf2-Pie-lowlevelcall_result,0,0,0,1,0,0,0,0,0,0
0xc80defd365fbac2dffeddfcb091b99afea6f8408-FruitFarm-lowlevelcall_result,0,0,0,1,0,0,0,0,0,0
0xc85b0c4874b8f06bfb3f9b65f252d60f962e60b7-ProfitContainerAdapter-lowlevelcall_result,0,0,0,0,0,0,0,0,0,0
0xcc62541f0492f7a77e46c457500b762f14a87df8-capital-tx_result,0,0,0,0,0,0,0,0,0,0
0xcc88d8ea235eb37d427a7040674d751a689ba4bc-usingOraclize-reentrancy,0,0,0,0,0,0,0,0,0,0
0xce9ed0b322a1420da4b6990e3047796f57471336-LifetimeLottery-selfdestruct_result,0,0,0,0,0,0,0,0,0,0
0xcf686b9c6d185d0091d07df8b9953702c78b0c20-TotlePrimary-reentrancy,0,0,0,0,0,0,0,0,0,0
0xd1ce8888b962022365a660b17b4b6dcfa3c7ce7e-SX-lowlevelcall_result,0,0,0,1,0,0,0,0,0,0
0xd3bb6ffb59d082f701bcdb5dc43a1753fc6b43da-usingOraclize-reentrancy,0,0,0,0,0,0,0,0,0,0
0xd403cc1e2da3aa7d954e0ad34bef2df2b9a9f238-Distribution-reentrancy,1,0,0,0,0,0,0,0,0,0
0xd4342df2c7cfe5938540648582c8d222f1513c50-AddressLottery-tx_result,0,0,0,0,0,0,0,0,0,0
0xd61266e619f169b2cc766b192ca67d083f0c7144-usingOraclize-reentrancy,0,0,0,0,0,0,0,0,0,0
0xd73f1bcb7143776cadc3faf6cdd089267aca184c-SealCrowdsale-selfdestruct_result,0,0,0,0,0,0,0,0,0,0
0xd897a2e34a5155e8ba5d4093a7ac883d374ff1d0-IronHandsCommerce-tx_result,0,0,0,0,0,0,0,0,0,0
0xdc8944deaf5da0b81bcd38a87cbad0c0e793116f-ABTokenTransfer-selfdestruct_result,0,0,0,0,0,0,0,0,0,0
0xdcadd661d53c6def90e5ea3cec0a9feb7c0b08ce-DestructionContract-selfdestruct_result,0,0,0,0,0,0,0,0,0,0
0xdcf59ee4803931a376a0fb6244036e49ebc7dd61-usingOraclize-reentrancy,0,0,0,0,0,0,0,0,0,0
0xdd4950f977ee28d2c132f1353d1595035db444ee-JIincForwarder-reentrancy,1,0,0,0,0,0,0,0,0,0
0xdd98b423dc61a756e1070de151b1485425505954-usingOraclize-reentrancy,0,0,0,0,0,0,0,0,0,0
0xdfb4524b1c1fe01075fab0bb4e16db991d58a3bd-EBAYCrowdsale-selfdestruct_result,0,0,0,0,0,0,0,0,0,0
0xe137e3d0659e7dbf8e309dc6011d672456f379c7-WorldCupControl-lowlevelcall_result,0,0,0,1,0,0,0,0,0,0
0xe158db4981bc51387c9b5b16f44244f1010ab325-UBets-unexpectedrevert_result,0,0,0,0,1,0,0,0,0,0
0xe28942df3b9502193a3547e6f6bad16ce63b1e2d-Escrow-reentrancy,1,0,0,0,0,0,0,0,0,0
0xe5221f29861508d7556249f19924effe391db237-EnjinBuyer-reentrancy,0,0,0,0,0,0,0,0,0,0
0xe53965850110c8333b5f3a957786d21e427b1af8-Hold-unexpectedrevert_result,0,0,0,0,0,0,0,0,0,0
0xe63760e74ffd44ce7abdb7ca2e7fa01b357df460-DividendDistributorv2-reentrancy,0,0,0,0,0,0,0,0,0,0
0xe642b6f79041c60d8447679b3a499f18d8b03b81-usingOraclize-reentrancy,0,0,0,0,0,0,0,0,0,0
0xe73e933e6252cbc7f34cf6efa5ba16db5705e22c-usingOraclize-reentrancy,0,0,0,0,0,0,0,0,0,0
0xe7b85bf9964a38124b1ce55392aa284ef3311c28-usingOraclize-reentrancy,0,0,0,0,0,0,0,0,0,0
0xe8a6d8e9a08281b0e235ad54ddedd98920517dff-DigitalGame-unexpectedrevert_result,0,0,0,0,1,0,0,0,0,0
0xe9a3217b3e9c7384dd62c0159ab05ea00ab4093a-BinaryOption-unexpectedrevert_result,1,0,0,0,1,0,0,0,0,0
0xea13bfa584e6d7e4c8409a1178805a367821e2f6-PredictionMarket-selfdestruct_result,0,0,0,0,0,0,0,0,0,0
0xec987914ade432ce9806f418787a4ed0b0e77000-LuckyDice-reentrancy,0,0,0,0,0,0,0,0,0,0
0xece701c76bd00d1c3f96410a0c69ea8dfcf5f34e-Etheroll-reentrancy,0,0,0,0,0,0,0,0,0,0
0xed42398a3df99e482039c2aec8000dba75296ee9-enigma-tx_result,0,0,0,0,0,0,0,0,0,0
0xee735ce6b54893322648a232cfd754fa10cf1627-usingOraclize-reentrancy,0,0,0,0,0,0,0,0,0,0
0xeeedac8686ae12183129e80e632e922dd8daecc4-usingOraclize-reentrancy,0,0,0,0,0,0,0,0,0,0
0xf2b89f45cc4ebbf11a36bdb4a4b24eada8dd30a7-AirDrop-unexpectedrevert_result,0,0,0,0,1,0,0,0,0,0
0xf34c379ad51bce4e9b1cea34088d643349d625dd-usingOraclize-reentrancy,0,0,0,0,0,0,0,0,0,0
0xf3cfb35afdbffea20892488ba7f1574adda81b9d-Proof-tx_result,0,0,0,0,0,0,0,0,0,0
0xf4061630645f15bd1122614bcd71403c1f53a10f-usingOraclize-reentrancy,0,0,0,0,0,0,0,0,0,0
0xf955eb3e1b055e68ca155f58167cd83d6dc195b5-SmartMinFin-lowlevelcall_result,0,0,0,1,0,0,0,0,0,0
0xf9dd354be4a35ba3f44f8b51564e9d5110b16357-NeterContract-selfdestruct_result,0,0,0,0,0,0,0,0,0,0
0xfa35645dd7d666f7f8743db98245518cdf348667-TribalWarfare-tx_result,0,0,0,0,0,0,0,0,0,0
0xfacc5b21597487575667dde047fc6e5d58bdae55-Crowdsale-lowlevelcall_result,0,0,0,1,0,0,0,0,0,0
0xfdf8de115951517d16fdaedc088d2b67aed5b031-TossCoin-lowlevelcall_result,0,0,0,1,0,0,0,0,0,0
0xfea71f436ec963507c26f424d93168e4285cd822-batchTransfer-unexpectedrevert_result,0,0,0,0,1,0,0,0,0,0
0xffcf7f75602157e36fbe09047e7fafaf69e530e8-DiceGame-reentrancy,0,0,0,0,0,0,0,0,0,0
0xfffb790342fbb071f972b23884c97185f4166805-Crowdsale-reentrancy,1,0,0,0,0,0,0,0,0,0
Timestamp-Dependency-45,0,0,0,0,0,0,0,1,0,0
integer_overflow_mapping_sym_1,0,0,1,0,0,0,0,0,0,0
constructor_create_argument,0,0,0,0,0,0,0,0,0,1
ImmutableConstant,0,0,0,0,0,0,0,0,0,1
Timestamp-Dependency-47,0,0,0,0,0,0,0,1,0,0
integer_overflow_minimal,0,0,1,0,0,0,0,0,0,0
Timestamp-Dependency-48,0,0,0,0,0,0,0,1,0,0
Timestamp-Dependency-49,0,0,0,0,0,0,0,1,0,0
integer_overflow_mul,0,0,1,0,0,0,0,0,0,0
Timestamp-Dependency-5,0,0,0,0,0,0,0,1,0,0
constructor_create_modifiable,0,0,0,0,0,0,0,0,0,1
Unhandled-Exceptions-33,0,0,0,1,0,0,0,0,0,0
Unhandled-Exceptions-34,0,0,0,1,0,0,0,0,0,0
Unhandled-Exceptions-35,0,0,0,1,0,0,0,0,0,0
simple_dao_fixed,0,0,0,0,0,0,0,0,0,0
NoUninitStorage,0,0,0,0,0,0,0,0,0,0
ImplicitVisibility,0,1,0,0,0,0,0,0,0,0
simple_ether_drain,0,1,0,0,0,0,0,0,0,0
Timestamp-Dependency-50,0,0,0,0,0,0,0,1,0,0
NoUntrustedView,0,0,0,0,0,0,0,0,0,0
NoVarIsNotSafe,0,0,0,0,0,0,0,0,0,0
NoWriteStorage,0,0,0,0,0,0,0,0,0,0
NoWrongName,0,0,0,0,0,0,0,0,0,0
NoWrongOpe,0,0,0,0,0,0,0,0,0,0
NobadTxorigin,0,0,0,0,0,0,0,0,0,0
NointegerDivision,0,0,0,0,0,0,0,0,0,0
Overflow,0,0,1,0,0,0,0,0,0,0
OverflowManully,0,0,0,0,0,0,0,0,0,0
Overwhelming,0,0,0,0,1,0,0,0,0,0
PreSentEther,0,0,0,0,1,0,0,0,0,0
PushButNoPull,0,0,0,0,1,0,0,0,0,0
RevertError,0,0,0,0,0,0,0,0,0,1
SigWrongPara,0,1,0,0,0,0,0,0,0,0
Single_NoHashCollision,0,0,0,0,0,0,0,0,0,0
SplitReentrant,1,0,0,0,0,0,0,0,0,0
SuicideEasily,0,1,0,0,0,0,0,0,0,0
UncappedVersion,0,0,0,0,0,0,0,0,0,1
UncappedVersion1,0,0,0,0,0,0,0,0,0,1
UninitStorage,0,0,0,0,0,0,0,0,0,1
Timestamp-Dependency-7,0,0,0,0,0,0,0,1,0,0
badDelegate,0,1,0,0,0,0,0,0,0,0
gray_HardCodeAddress,0,0,0,0,0,0,0,0,0,0
gray_Hidden,0,0,0,0,0,0,0,0,0,0
gray_IntegerDivision,0,0,0,0,0,0,0,0,0,0
gray_IntegerSignednessError,0,0,0,0,0,0,0,0,0,0
gray_LockedMoney,0,0,0,0,0,0,0,0,0,0
gray_NestedCall,0,0,0,0,0,0,0,0,0,0
gray_PullButNoPush,0,0,0,0,0,0,0,0,0,0
gray_SimpleDAO,0,0,0,0,0,0,0,0,0,0
gray_SuicideEasily,0,0,0,0,0,0,0,0,0,0
Timestamp-Dependency-8,0,0,0,0,0,0,0,1,0,0
gray_Txorigin,0,0,0,0,0,0,0,0,0,0
gray_approve,0,0,0,0,0,0,0,0,0,0
gray_badDelegate,0,0,0,0,0,0,0,0,0,0
gray_badProxy,0,0,0,0,0,0,0,0,0,0
integer_overflow_multitx_multifunc_feasible,0,0,1,0,0,0,0,0,0,0
gray_controlledByMiners,0,0,0,0,0,0,0,0,0,0
gray_deleteDynamic,0,0,0,0,0,0,0,0,0,0
gray_infiniteLoop,0,0,0,0,0,0,0,0,0,0
gray_overwhelmning,0,0,0,0,0,0,0,0,0,0
gray_prodigal1,0,0,0,0,0,0,0,0,0,0
gray_prodigal2,0,0,0,0,0,0,0,0,0,0
gray_re_entrancy,0,0,0,0,0,0,0,0,0,0
gray_shadowingState,0,0,0,0,0,0,0,0,0,0
gray_timeDependence,0,0,0,0,0,0,0,0,0,0
gray_truncationError,0,0,0,0,0,0,0,0,0,0
gray_unhandledException,0,0,0,0,0,0,0,0,0,0
gray_varIsNotSafe,0,0,0,0,0,0,0,0,0,0
hiddenSymbol,0,0,0,0,0,0,0,0,0,1
infiniteLoop,0,0,0,0,1,0,0,0,0,0
integerDivision,0,0,1,0,0,0,0,0,0,0
lockedMoney,0,0,0,0,1,0,0,0,0,0
noApprove,0,0,0,0,0,0,0,0,0,0
noHiddenSymbol,0,0,0,0,0,0,0,0,0,0
noInheritance,0,0,0,0,0,0,0,0,0,0
privatePass,0,0,0,0,0,0,0,0,0,1
prodigal,0,1,0,0,0,0,0,0,0,0
re-entrancy,1,0,0,0,0,0,0,0,0,0
replayAttack1,0,1,0,0,0,0,0,0,0,0
returnInCons,0,0,0,0,0,0,0,0,0,1
shadowingState,0,0,0,0,0,0,0,0,0,1
shortAddressAttack,0,0,0,0,0,0,0,0,1,0
simpleDAO,1,0,0,0,0,0,0,0,0,0
standarfTokenERC20,0,0,0,0,0,0,0,0,0,0
standarfTokenERC721,0,0,0,0,0,0,0,0,0,0
timeDependence,0,0,0,0,0,0,0,1,0,0
timeDependence1,0,0,0,0,0,0,0,1,0,0
tooManyDigits,0,0,0,0,0,0,0,0,0,1
truncationError,0,0,1,0,0,0,0,0,0,0
underFlow,0,0,1,0,0,0,0,0,0,0
underFlowManully,0,0,0,0,0,0,0,0,0,0
unhandledException,0,0,0,1,0,0,0,0,0,0
uninitLocalVar,0,0,0,0,0,0,0,0,0,1
uninitStateVar,0,0,0,0,0,0,0,0,0,1
unstandardERC20,0,0,0,0,0,0,0,0,0,1
unstandardERC721,0,0,0,0,0,0,0,0,0,1
BECToken,0,0,1,0,0,0,0,0,0,0
untrusted View and Constant,0,0,0,0,0,0,0,0,0,1
varIsNotSafe,0,0,0,0,1,0,0,0,0,0
wrongName,0,0,0,0,0,0,0,0,0,1
wrongOpe,0,0,0,0,0,0,0,0,0,1
integer_overflow_multitx_onefunc_feasible,0,0,1,0,0,0,0,0,0,0
Overflow-Underflow-15,0,0,1,0,0,0,0,0,0,0
SpankChain,0,0,0,0,0,0,0,0,0,0
Overflow-Underflow-24,0,0,1,0,0,0,0,0,0,0
Overflow-Underflow-25,0,0,1,0,0,0,0,0,0,0
Overflow-Underflow-16,0,0,1,0,0,0,0,0,0,0
Overflow-Underflow-26,0,0,1,0,0,0,0,0,0,0
SpankChain_Payment,1,0,0,0,0,0,0,0,0,0
Overflow-Underflow-17,0,0,1,0,0,0,0,0,0,0
Unprotected,0,1,0,0,0,0,0,0,0,0
Unprotected_fixed,0,0,0,0,0,0,0,0,0,0
lotto,0,0,0,1,0,0,0,0,0,0
multiowned_vulnerable,0,1,0,0,0,0,0,0,0,0
mycontract,0,1,0,0,0,0,0,0,0,0
name_registrar,0,0,0,0,0,0,0,0,0,1
Overflow-Underflow-18,0,0,1,0,0,0,0,0,0,0
odds_and_evens,0,0,0,0,0,0,1,0,0,0
old_blockhash,0,0,0,0,0,1,0,0,0,0
Overflow-Underflow-19,0,0,1,0,0,0,0,0,0,0
BobAlice,0,0,0,0,0,0,0,0,0,1
BobAlice_fixed,0,0,0,0,0,0,0,0,0,0
CrowdFundBad,0,0,0,0,1,0,0,0,0,0
CrowdFundPull,0,0,0,0,0,0,0,0,0,0
CrowdFundSafe,0,0,0,0,1,0,0,0,0,0
DosAuction,0,0,0,0,1,0,0,0,0,0
GiftBox,0,0,0,0,0,0,0,0,0,1
lottopollo,0,0,0,0,0,0,0,1,0,0
KOTH,0,0,0,0,0,0,0,0,0,1
KingOfTheEtherThrone,0,0,0,1,0,0,0,0,0,0
Multiplicator,0,0,0,0,0,0,0,0,0,1
PrivateBank,0,0,0,0,0,0,0,0,0,1
RaceCondition,0,0,0,0,0,0,1,0,0,0
Reentrancy,1,0,0,0,0,0,0,0,0,0
Reentrancy_fixed1,0,0,0,0,0,0,0,0,0,0
Reentrancy_fixed2,0,0,0,0,0,0,0,0,0,0
Rubixi,0,1,0,0,0,0,0,0,0,0
SecureAuction,0,0,0,0,0,0,0,0,0,0
VarLoop,0,0,0,0,0,0,0,0,0,1
WalletLibrary,0,1,0,0,0,0,0,0,0,0
coin,0,0,0,0,1,0,0,0,0,0
incorrect_constructor,0,1,0,0,0,0,0,0,0,0
integer_overflow_1_fixed,0,0,0,0,0,0,0,0,0,0
0x01f8c4e3fa3edeb29e514cba738d87ce8c091d3f,1,0,0,0,0,0,0,0,0,0
0x07f7ecb66d788ab01dc93b9b71a88401de7d0f2e,0,0,0,1,0,0,0,0,0,0
0x0cbe050f75bc8f8c2d6c0d249fea125fd6e1acc9,0,0,0,1,0,0,0,0,0,0
0x19cf8481ea15427a98ba3cdd6d9e14690011ab10,0,0,0,1,0,0,0,0,0,0
0x2972d548497286d18e92b5fa1f8f9139e5653fd2,0,0,0,1,0,0,0,0,0,0
0x39cfd754c85023648bf003bea2dd498c5612abfa,0,0,0,1,0,0,0,0,0,0
0x3a0e9acd953ffc0dd18d63603488846a6b8b2b01,0,0,0,1,0,0,0,0,0,0
0x4051334adc52057aca763453820cb0e045076ef3,0,0,0,1,0,0,0,0,0,0
0x4a66ad0bca2d700f11e1f2fc2c106f7d3264504c,0,0,0,1,0,0,0,0,0,0
wallet_03_wrong_constructor,0,1,0,0,0,0,0,0,0,0
0x524960d55174d912768678d8c606b4d50b79d7b1,0,0,0,1,0,0,0,0,0,0
0x52d2e0f9b01101a59b38a3d05c80b7618aeed984,0,0,0,1,0,0,0,0,0,0
0x610495793564aed0f9c7fc48dc4c7c9151d34fd6,0,0,0,1,0,0,0,0,0,0
0x627fa62ccbb1c1b04ffaecd72a53e37fc0e17839-2,1,0,0,1,0,0,0,0,0,0
0x663e4229142a27f00bafb5d087e1e730648314c3,0,0,0,1,0,0,0,0,0,0
0x70f9eddb3931491aab1aeafbc1e7f1ca2a012db4,0,0,0,1,0,0,0,0,0,0
0x7541b76cb60f4c60af330c208b0623b7f54bf615,1,0,0,0,0,0,0,0,0,0
0x7d09edb07d23acb532a82be3da5c17d9d85806b4,0,0,0,1,0,0,0,0,0,0
0x806a6bd219f162442d992bdc4ee6eba1f2c5a707,0,0,0,1,0,0,0,0,0,0
0x84d9ec85c9c568eb332b7226a8f826d897e0a4a8,0,0,0,1,0,0,0,0,0,0
0x89c1b3807d4c67df034fffb62f3509561218d30b,0,0,0,1,0,0,0,0,0,0
0x8c7777c45481dba411450c228cb692ac3d550344,1,0,0,0,0,0,0,0,0,0
0x8fd1e427396ddb511533cf9abdbebd0a7e08da35,0,0,0,1,0,0,0,0,0,0
0x941d225236464a25eb18076df7da6a91d0f95e9e,1,0,0,0,0,0,0,0,0,0
0x958a8f594101d2c0485a52319f29b2647f2ebc06,0,0,0,1,0,0,0,0,0,0
0x96edbe868531bd23a6c05e9d0c424ea64fb1b78b,1,0,0,0,0,0,0,0,0,0
0x9d06cbafa865037a01d322d3f4222fa3e04e5488,0,0,0,1,0,0,0,0,0,0
0xa1fceeff3acc57d257b917e30c4df661401d6431,0,0,0,1,0,0,0,0,0,0
0xa46edd6a9a93feec36576ee5048146870ea2c3ae,0,0,0,1,0,0,0,0,0,0
0xb0510d68f210b7db66e8c7c814f22680f2b8d1d6,0,0,0,1,0,0,0,0,0,0
0xb11b2fed6c9354f7aa2f658d3b4d7b31d8a13b77,0,0,0,1,0,0,0,0,0,0
0xb37f18af15bafb869a065b61fc83cfc44ed9cc27,0,0,0,1,0,0,0,0,0,0
0xb5e1b1ee15c6fa0e48fce100125569d430f1bd12,1,0,0,0,0,0,0,0,0,0
0xb7c5c5aa4d42967efe906e1b66cb8df9cebf04f7,0,0,0,1,0,0,0,0,0,0
0xbaa3de6504690efb064420d89e871c27065cdd52,0,0,0,1,0,0,0,0,0,0
0xbe4041d55db380c5ae9d4a9b9703f1ed4e7e3888,1,0,0,0,0,0,0,0,0,0
0xdb1c55f6926e7d847ddf8678905ad871a68199d2,0,0,0,1,0,0,0,0,0,0
0xe09b1ab8111c2729a76f16de96bc86a7af837928,0,0,0,1,0,0,0,0,0,0
0xe4eabdca81e31d9acbc4af76b30f532b6ed7f3bf,0,0,0,1,0,0,0,0,0,0
0xe82f0742a71a02b9e9ffc142fdcb6eb1ed06fb87,0,0,0,1,0,0,0,0,0,0
0xe894d54dca59cb53fe9cbc5155093605c7068220,0,0,0,1,0,0,0,0,0,0
0xec329ffc97d75fe03428ae155fc7793431487f63,0,0,0,1,0,0,0,0,0,0
0xf2570186500a46986f3139f65afedc2afe4f445d,0,0,0,1,0,0,0,0,0,0
0xf29ebe930a539a60279ace72c707cba851a57707,0,0,0,1,0,0,0,0,0,0
ERC20,0,0,0,0,0,0,1,0,0,0
FindThisHash,0,0,0,0,0,0,1,0,0,0
blackjack,0,0,0,0,0,1,0,0,0,0
wallet_04_confused_sign,0,1,0,0,0,0,0,0,0,0
crypto_roulette,0,0,0,0,0,0,0,0,0,1
ether_lotto,0,0,0,0,0,0,0,1,0,0
etheraffle,0,0,0,0,0,1,0,0,0,0
etherbank,1,0,0,0,0,0,0,0,0,0
guess_the_random_number,0,0,0,0,0,1,0,0,0,0
mapping_write,0,1,0,0,0,0,0,0,0,0
open_address_lottery,0,0,0,0,0,0,0,0,0,1
overflow_simple_add,0,0,1,0,0,0,0,0,0,0
overflow_single_tx,0,0,1,0,0,0,0,0,0,0
phishable,0,1,0,0,0,0,0,0,0,0
proxy,0,1,0,0,0,0,0,0,0,0
random_number_generator,0,0,0,0,0,1,0,0,0,0
reentrance,1,0,0,0,0,0,0,0,0,0
reentrancy_bonus,1,0,0,0,0,0,0,0,0,0
reentrancy_cross_function,1,0,0,0,0,0,0,0,0,0
reentrancy_dao,1,0,0,0,0,0,0,0,0,0
reentrancy_insecure,1,0,0,0,0,0,0,0,0,0
roulette,0,0,0,0,0,0,0,1,0,0
send_loop,0,0,0,0,1,0,0,0,0,0
short_address_example,0,0,0,0,0,0,0,0,1,0
simple_dao,1,0,0,0,0,0,0,0,0,0
simple_suicide,0,1,0,0,0,0,0,0,0,0
smart_billions,0,0,0,0,0,1,0,0,0,0
timed_crowdsale,0,0,0,0,0,0,0,1,0,0
token,0,0,1,0,0,0,0,0,0,0
tokensalechallenge,0,1,1,0,0,0,0,0,0,0
unchecked_return_value,0,0,0,1,0,0,0,0,0,0
wallet_02_refund_nosub,0,1,0,0,0,0,0,0,0,0
FunctionTypes,0,0,0,0,0,0,0,0,0,1
Overflow-Underflow-27,0,0,1,0,0,0,0,0,0,0
crypto_roulette_fixed,0,0,0,0,0,0,0,0,0,0
deposit_box,0,0,0,0,0,0,0,0,0,1
deposit_box_fixed,0,0,0,0,0,0,0,0,0,0
deprecated_simple,0,0,0,0,0,0,0,0,0,1
deprecated_simple_fixed,0,0,0,0,0,0,0,0,0,0
floating_pragma,0,0,0,0,0,0,0,0,0,1
floating_pragma_fixed,0,0,0,0,0,0,0,0,0,0
gas_model,0,0,0,0,0,0,0,0,0,1
gas_model_fixed,0,0,0,0,0,0,0,0,0,0
guess_the_number,0,0,0,0,0,0,0,0,0,1
guess_the_random_number_fixed,0,0,0,0,0,0,0,0,0,0
hardcoded_gas_limits,0,0,0,0,1,0,0,0,0,0
incorrect_constructor_name1,0,1,0,0,0,0,0,0,0,0
incorrect_constructor_name1_fixed,0,0,0,0,0,0,0,0,0,0
incorrect_constructor_name2,0,1,0,0,0,0,0,0,0,0
integer_overflow_mapping_sym_1_fixed,0,0,0,0,0,0,0,0,0,0
integer_overflow_minimal_fixed,0,0,0,0,0,0,0,0,0,0
integer_overflow_mul_fixed,0,0,0,0,0,0,0,0,0,0
integer_overflow_multitx_multifunc_feasible_fixed,0,0,0,0,0,0,0,0,0,0
integer_overflow_multitx_onefunc_feasible_fixed,0,0,0,0,0,0,0,0,0,0
Overflow-Underflow-2,0,0,1,0,0,0,0,0,0,0
integer_overflow_multitx_onefunc_infeasible,0,0,0,0,0,0,0,0,0,0
mapping_perfomance_2,0,0,0,0,0,0,0,0,0,0
mapping_performance_1,0,0,0,0,0,0,0,0,0,0
modifier_reentrancy,1,0,0,0,0,0,0,0,0,0
modifier_reentrancy_fixed,0,0,0,0,0,0,0,0,0,0
multiowned_not_vulnerable,0,0,0,0,0,0,0,0,0,0
mycontract,0,1,0,0,0,0,0,0,0,0
mycontract_fixed,0,0,0,0,0,0,0,0,0,0
odd_even,0,0,0,0,0,0,0,0,0,1
odd_even_fixed,0,0,0,0,0,0,0,0,0,0
old_blockhash_fixed,0,0,0,0,0,0,0,0,0,0
out-of-bounds-exception,0,0,0,0,0,0,0,0,0,1
overflow_simple_add,0,0,1,0,0,0,0,0,0,0
overflow_simple_add_fixed,0,0,0,0,0,0,0,0,0,0
proxy_fixed,0,0,0,0,0,0,0,0,0,0
proxy_pattern_false_positive,0,0,0,0,0,0,0,0,0,0
return_memory,0,0,0,0,0,0,0,0,0,1
rubixi,0,1,0,0,0,0,0,0,0,0
runtime_create_user_input,0,0,0,0,0,0,0,0,0,1
runtime_user_input_call,0,0,0,0,0,0,0,0,0,1
semver_floating_pragma,0,0,0,0,0,0,0,0,0,1
semver_floating_pragma_fixed,0,0,0,0,0,0,0,0,0,0
sha_of_sha_2_mappings,0,0,0,0,0,0,0,0,0,0
sha_of_sha_collision,0,0,0,0,0,0,0,0,0,1
Overflow-Underflow-28,0,0,1,0,0,0,0,0,0,0
sha_of_sha_concrete,0,0,0,0,0,0,0,0,0,0
simple_dao,1,0,0,0,0,0,0,0,0,0
simple_suicide,0,1,0,0,0,0,0,0,0,0
storage,0,1,0,0,0,0,0,0,0,0
suicide_multitx_feasible,0,1,0,0,0,0,0,0,0,0
suicide_multitx_infeasible,0,0,0,0,0,0,0,0,0,0
time_lock,0,0,0,0,0,0,0,1,0,0
timed_crowdsale,0,0,0,0,0,0,0,1,0,0
token-with-backdoor,0,0,0,0,0,0,0,0,0,1
transaction_malleablity,0,1,0,0,0,0,0,0,0,0
transaction_malleablity_fixed,0,0,0,0,0,0,0,0,0,0
two_mapppings,0,0,0,0,0,0,0,0,0,0
typo_one_command,0,0,0,0,0,0,0,0,0,1
typo_safe_math,0,0,0,0,0,0,0,0,0,1
typo_simple,0,0,0,0,0,0,0,0,0,1
unused_state_variables,0,0,0,0,0,0,0,0,0,1
Overflow-Underflow-29,0,0,1,0,0,0,0,0,0,0
unused_state_variables_fixed,0,0,0,0,0,0,0,0,0,0
unused_variables,0,0,0,0,0,0,0,0,0,1
unused_variables_fixed,0,0,0,0,0,0,0,0,0,0
version_0_4_13,0,0,0,0,0,0,0,0,0,1
visibility_not_set,0,1,0,0,0,0,0,0,0,0
visibility_not_set_fixed,0,0,0,0,0,0,0,0,0,0
wallet,0,0,0,0,0,0,0,0,0,1
wallet_01_ok,0,0,0,0,0,0,0,0,0,0
wallet_fixed,0,0,0,0,0,0,0,0,0,0
Overflow-Underflow-1,0,0,1,0,0,0,0,0,0,0
Overflow-Underflow-10,0,0,1,0,0,0,0,0,0,0
Overflow-Underflow-11,0,0,1,0,0,0,0,0,0,0
Overflow-Underflow-12,0,0,1,0,0,0,0,0,0,0
Overflow-Underflow-13,0,0,1,0,0,0,0,0,0,0
Overflow-Underflow-14,0,0,1,0,0,0,0,0,0,0
0x015a06a433353f8db634df4eddf0c109882a15ab,0,0,0,0,0,0,0,0,0,0
0x019d7e5ae8d2ba9a292244311dc7355058ab1b08,0,0,0,0,0,0,0,0,0,0
0x01afc37f4f85babc47c0e2d0eababc7fb49793c8,1,0,0,0,0,0,0,0,0,0
0x022de2e28a61f9d197f8966dd0fc8f7ddf70f2dc,0,0,0,0,0,0,0,0,0,0
0x04daec4e1fc6a4b4555b509b7c5c673ebad29f1f,0,0,0,0,0,0,0,0,0,0
0x06194c50a5a85bb1fee0e73877eefdef64466514,0,0,0,0,0,0,0,0,0,0
0x06bb6701983e126f31a4c20d6becb12dfd70709e,1,0,0,0,0,0,0,0,0,0
0x0807a2d6a675e7196a3d9b1910700cae9795b72a,1,0,0,0,0,0,0,0,0,0
0x08711d3b02c8758f2fb3ab4e80228418a7f8e39c,0,0,0,0,0,0,0,0,0,0
0x0b0e47119bf5495dfcd9264916a9fe3481cd24c7,0,0,0,0,0,0,0,0,0,0
0x0b983fa1bcbdf24bdbfacb660faa76c586a16c64,0,0,0,0,0,0,0,0,0,0
0x0d47d4aea9da60953fd4ae5c47d2165977c7fbea,1,0,0,0,0,0,0,0,0,0
0x0f170120733474c6ec7daf6ae6aeeeb8b645e92c,0,0,0,0,0,0,0,0,0,0
0x125c0260feec92471d1a144f3cdce185a565f374,1,0,0,0,0,0,0,0,0,0
0x139759b6cfada56ccf5b3536f21eac209140a9d4,0,0,0,0,0,0,0,0,0,0
0x142eba6cd4e1977fba4a440c882ee460654d1766,0,0,0,0,0,0,0,0,0,0
0x15dbdb25f870f21eaf9105e68e249e0426dae916,0,0,0,0,0,0,0,0,0,0
0x160564d346f6e9fb3d93c034f207ecf9791b7739,0,0,0,0,0,0,0,0,0,0
0x1654d540616bfb3f13973ed6019e43005be43219,0,0,0,0,0,0,0,0,0,0
0x18429dedafbb65443edf60402294df5c01aee1da,1,0,0,0,0,0,0,0,0,0
0x1926a3254d6bb48f983d1890a993d618d1b6c9cf,0,0,0,0,0,0,0,0,0,0
0x1b27996479b11abc8a8d0447deb3fb0183788484,0,0,0,0,0,0,0,0,0,0
0x1c3c643f49be262c3040e917e7d2299b9bc081a1,0,0,0,0,0,0,0,0,0,0
0x1dea4ca1ca2a2c946b233a227883ef6846cf17d5,1,0,0,0,0,0,0,0,0,0
0x1e797ce986c3cff4472f7d38d5c4aba55dfefe40,0,0,0,0,0,0,0,0,0,0
0x2807e558a7eba8d25c3a05a0e7e9a6a437a6e6a4,0,0,0,0,0,0,0,0,0,0
0x28dcd428e8125990f9e5fe1b82db0e3ed240711c,0,0,0,0,0,0,0,0,0,0
0x2a106e06cd26fad93f732daa4218fce4eac6d6d8,1,0,0,0,0,0,0,0,0,0
0x2a28cc275b458019910e3b8b8ee58f17eb6d38c8,0,0,0,0,0,0,0,0,0,0
0x2a650356bd894370cc1d6aba71b36c0ad6b3dc18,0,0,0,0,0,0,0,0,0,0
0x2abf00b596f4cb10384654dcd76253b3140d35ff,1,0,0,0,0,0,0,0,0,0
0x2c875e5ea4706b1978a41b59edf2d3af31d60e70,0,0,0,0,0,0,0,0,0,0
0x2dc0170450e66af2d3f5c56aa0b20ec4a254902e,1,0,0,0,0,0,0,0,0,0
0x2e1cff135ca6bbc0012a01fa246a0a39aeb10d2d,0,0,0,0,0,0,0,0,0,0
0x2f81a082e11ee3ab3b063bb9605affc8e3121926,0,0,0,0,0,0,0,0,0,0
0x30e1a463ecf25dbba2f83cb3e4b10045f888e55b,0,0,0,0,0,0,0,0,0,0
0x319af0f8552e2caceb6a8b2541ef00239a6ae1cc,0,0,0,0,0,0,0,0,0,0
0x32bacc8b241fb172fee18bda32527126c6f3c5f7,1,0,0,0,0,0,0,0,0,0
0x33098a5e8f5e932831434748cdad425487b9aaf1,1,0,0,0,0,0,0,0,0,0
0x33720000b3b3bd4b631b76f85049306be257ddc7,0,0,0,0,0,0,0,0,0,0
0x3398080b81a1cff1429af347ce2b17fc28de3937,0,0,0,0,0,0,0,0,0,0
0x35bd607db942fe1f10ce12b309e3a67e16660fe1,1,0,0,0,0,0,0,0,0,0
0x362bb67f7fdbdd0dbba4bce16da6a284cf484ed6,1,0,0,0,0,0,0,0,0,0
0x37c0f21f9dc15be832d06a3c79ee45d16f9ed1d6,0,0,0,0,0,0,0,0,0,0
0x385e817b0083724672cb998a7afcf6da05bc0c7f,0,0,0,0,0,0,0,0,0,0
0x3a09769f27a6e4b01bc58b1273bcaa8159033ec5,1,0,0,0,0,0,0,0,0,0
0x3aaa5474a09804b08120e6e33bfc433367ab238c,0,0,0,0,0,0,0,0,0,0
0x3ac26f27595effeb5e426bd093081ec30ebdd545,0,0,0,0,0,0,0,0,0,0
0x3b6d241e1b38776c2efe944e7012239ed59334c1,0,0,0,0,0,0,0,0,0,0
0x3cf853facae392c3e4310ab805da30a1da508609,0,0,0,0,0,0,0,0,0,0
0x3d42f7eb6b97ab66d8d44c725651befe02a70e5e,0,0,0,0,0,0,0,0,0,0
0x3eab9a2fa76f16cdc46e707ff928f7995886dee0,1,0,0,0,0,0,0,0,0,0
0x3efd578b271d034a69499e4a2d933c631d44b9ad,0,0,0,0,0,0,0,0,0,0
0x401e28717a6a35a50938bc7f290f2678fc0a2816,1,0,0,0,0,0,0,0,0,0
0x41dfc15cf7143b859a681dc50dcb3767f44b6e0b,0,0,0,0,0,0,0,0,0,0
0x44691b39d1a75dc4e0a0346cbb15e310e6ed1e86,0,0,0,0,0,0,0,0,0,0
0x44fb2663d37e36e4a2b4b865d9ec832e5da6a016,1,0,0,0,0,0,0,0,0,0
0x45d147c800d401350b24fc1cd5fbc98040b177c8,1,0,0,0,0,0,0,0,0,0
0x460dc8b70a189bee176d22d3f0272d171bd4c5ed,1,0,0,0,0,0,0,0,0,0
0x472d4827266f0e83d12feb52f785c7e22ab5f0b6,0,0,0,0,0,0,0,0,0,0
0x493f121b6f769fc8dbfb47ab834b13561d835009,0,0,0,0,0,0,0,0,0,0
0x498e950892260b0e9dfd5895d7501f340e92d263,0,0,0,0,0,0,0,0,0,0
0x4993cb95c7443bdc06155c5f5688be9d8f6999a5,1,0,0,0,0,0,0,0,0,0
0x4a56ebd89b2750bf42ddec1cd3845938983be0d2,1,0,0,0,0,0,0,0,0,0
0x4a7fd82c5c173be7d41541b76c43e26553b0f28b,0,0,0,0,0,0,0,0,0,0
0x4c24fd04063e8b1c881e5ec0f46208d66d010c64,0,0,0,0,0,0,0,0,0,0
0x4c2c4511ba8f5b5f356adf7eaebce8dd2ea9a9c6,0,0,0,0,0,0,0,0,0,0
0x4ed985e2da341e276bbf7782f2e1e30689d33c89,0,0,0,0,0,0,0,0,0,0
0x4f529990b7f3d1fb4152736155e431c96fd86294,0,0,0,0,0,0,0,0,0,0
0x4fd997ed7c10dbd04e95d3730cd77d79513076f2,0,0,0,0,0,0,0,0,0,0
0x5088c2985210925d15ea470a160fc08b352818d0,0,0,0,0,0,0,0,0,0,0
0x50ae8d7c70c33d1f40b36c75fe9f560646134dd5,1,0,0,0,0,0,0,0,0,0
0x51dce38369b7d57d367fa1b738723a626f15b8ff,0,0,0,0,0,0,0,0,0,0
0x52070b253406fc4f2bf71dbaf910f66c45828dba,0,0,0,0,0,0,0,0,0,0
0x5385d02f3a254ca716c144c7c333553a2e6ec931,0,0,0,0,0,0,0,0,0,0
0x53fdf0c63b87f2db6e2c58ab05a8a3c39d7d8d49,0,0,0,0,0,0,0,0,0,0
0x559b52b6a30ba913a7e8f85c4a6aa443a0fe66ab,1,0,0,0,0,0,0,0,0,0
0x5965c4ee0e04ab0aa480527b7c91be8deca47f9c,0,0,0,0,0,0,0,0,0,0
0x5a4964bb5fdd3ce646bb6aa020704f7d4db79302,0,0,0,0,0,0,0,0,0,0
0x5ae14c0101e0a40c709340592f1f1c052ef4ab92,0,0,0,0,0,0,0,0,0,0
0x5bdf79f1e7431edb75537d23d3b404ef86f44316,0,0,0,0,0,0,0,0,0,0
0x5d67888188772df8ed420e5be43820c9d98a8ef5,0,0,0,0,0,0,0,0,0,0
0x5d951e9377ec3383808d842fb37182c1363ca34b,0,0,0,0,0,0,0,0,0,0
0x5e3741d9faa0f62660bdecdd3ac43c97c83a9881,0,0,0,0,0,0,0,0,0,0
0x5e49ec3fbd55e7b86a5a5b1a32c73aa44b42b4af,0,0,0,0,0,0,0,0,0,0
0x5e569e1ecd56fe30dd97ee233ec1675b60fb6680,0,0,0,0,0,0,0,0,0,0
0x5ed5b9a13af4581524ebb7a0701bc4366d002289,0,0,0,0,0,0,0,0,0,0
0x5f5d7147adb6ed31a2ca03ce3defb070a3be0ebb,0,0,0,0,0,0,0,0,0,0
0x600ad7b57f3e6aeee53acb8704a5ed50b60cacd6,0,0,0,0,0,0,0,0,0,0
0x60a76ea79ebc7264f2897ee7fe4f33f31ef25a74,0,0,0,0,0,0,0,0,0,0
0x60b1bfaa999ab532df3ab804b43ed549a8636501,0,0,0,0,0,0,0,0,0,0
0x60f0ee673e413e1c134d1497eeecce8ddd2fdd74,0,0,0,0,0,0,0,0,0,0
0x62854fc64d74b7eb5e4d0a2910e277ffb4d3d1e3,0,0,0,0,0,0,0,0,0,0
0x673f0dec1416803a39d50760c697fb26f4c539b0,0,0,0,0,0,0,0,0,0,0
0x6846b938f9be9f1eeeb9bfd853636c805f8f54d3,0,0,0,0,0,0,0,0,0,0
0x693399aae96a88b966b05394774cfb7b880355b4,0,0,0,0,0,0,0,0,0,0
0x69e5da6904f73dfa845648e1991ad1dcc780f874,1,0,0,0,0,0,0,0,0,0
0x6adf9e666e3e85876b1ba25edb31799faad8417b,0,0,0,0,0,0,0,0,0,0
0x6ba4313d6b01efd3c81224a1d34794b2a0b0cf76,0,0,0,0,0,0,0,0,0,0
0x6c5c0e2496d27f60c486faaaaa9bde58ea1dc386,0,0,0,0,0,0,0,0,0,0
0x6d2f190e6fd3bece517cb817254e8411249656a6,0,0,0,0,0,0,0,0,0,0
0x6e01ee36b522a824609b7f7dfb5e4aa8fbb48934,0,0,0,0,0,0,0,0,0,0
0x709c7134053510fce03b464982eab6e3d89728a5,0,0,0,0,0,0,0,0,0,0
0x70a8629c1b9a50133c5325502232bd54447beee7,0,0,0,0,0,0,0,0,0,0
0x723dff0e27cc38b80556f5e05dfdbdcb721654d7,0,0,0,0,0,0,0,0,0,0
0x72a68fb6d91ed8dc47b564e088e518c6d4a6ff44,0,0,0,0,0,0,0,0,0,0
0x740e6b6f0a0165e8bb3d1cdf94862bdffbded22e,1,0,0,0,0,0,0,0,0,0
0x74aca0f1a40f7e0f3845dadf52c65060de7749af,0,0,0,0,0,0,0,0,0,0
0x75aa81161e07483f6ca199fef46c13eb13d190be,0,0,0,0,0,0,0,0,0,0
0x763465c2114e33886e1574e5994df1bb8cd5f160,0,0,0,0,0,0,0,0,0,0
0x76e580f75bf01bffbf4f44167d5822346de4f176,1,0,0,0,0,0,0,0,0,0
0x77eec19c8ba79b1c7c79311ec810cbf88d924751,1,0,0,0,0,0,0,0,0,0
0x799f987acb75a571dd95f7fd152d30f50484b837,0,0,0,0,0,0,0,0,0,0
0x7be89db09b0c1023fd0407b24b98810ae97f61c1,1,0,0,0,0,0,0,0,0,0
0x7cf51743ed1bce645e1bb4a3619b73cc782c8de6,0,0,0,0,0,0,0,0,0,0
0x7da82c7ab4771ff031b66538d2fb9b0b047f6cf9,0,0,0,0,0,0,0,0,0,0
0x7fe180e63198e50057c3f2817d058e8904c650e3,0,0,0,0,0,0,0,0,0,0
0x81a47e985b7a133728e97efc7f9ec3654b6e73f0,0,0,0,0,0,0,0,0,0,0
0x82df5022fbcfdd877830371d7713f0181a554c9c,1,0,0,0,0,0,0,0,0,0
0x83b6ad8e37ab7a4f71da533a35271484270ec6c2,1,0,0,0,0,0,0,0,0,0
0x84d50ebf4737331fb41ff9e3c6c324262c5b661c,1,0,0,0,0,0,0,0,0,0
0x85169e1f0d8c2f27dd44f1cfbb81172dfeafe7c1,0,0,0,0,0,0,0,0,0,0
0x873c58020bcb114b4fea456cef93aaf58e8e305d,0,0,0,0,0,0,0,0,0,0
0x87b0de512502f3e86fd22654b72a640c8e0f59cc,1,0,0,0,0,0,0,0,0,0
0x8a70cf25cf32e728be9e30c20b2781f60cb0ed6d,1,0,0,0,0,0,0,0,0,0
0x8af7243f9a173ad8ca6c8a3a053f0182c5352d15,0,0,0,0,0,0,0,0,0,0
0x8b807cf49ca593c4678811211df2992e64f2f3ef,0,0,0,0,0,0,0,0,0,0
0x8c0a599d3ff4d3344cb93ae49247c11b645c5e44,0,0,0,0,0,0,0,0,0,0
0x8e66ffe69b3f8d78f2a696e40c02f7454c0a01d9,0,0,0,0,0,0,0,0,0,0
0x8f4e3d448a318c1dec52b3f22d77132a39c62025,0,0,0,0,0,0,0,0,0,0
0x9047ef7c3d52956dd0909c1c1e011e986ce60691,1,0,0,0,0,0,0,0,0,0
0x9053d234a1ff2290f087a1ca9460e3263121e580,1,0,0,0,0,0,0,0,0,0
0x90aa6fb2c2ab2c9e3fd5634c054d636c708cd5f3,1,0,0,0,0,0,0,0,0,0
0x911143d946ba5d467bfc476491fdb235fef4d667,0,0,0,0,0,0,0,0,0,0
0x911d71eed45dbc20059004f8476fe149105bf1dc,0,0,0,0,0,0,0,0,0,0
0x9220d625bd6bea95c865b3c4faf273bfbd6bc48a,1,0,0,0,0,0,0,0,0,0
0x936f78b9852d12f5cb93177c1f84fb8513d06263,1,0,0,0,0,0,0,0,0,0
0x938875f7a161ce2f4c314ba1bb3172dbf52ebb3d,0,0,0,0,0,0,0,0,0,0
0x93c9cce56a35a5bba00501a8dcd6ea1392ff3dfd,0,0,0,0,0,0,0,0,0,0
0x93eeabbe86d19bda39ea2d1049baf2c0878ded23,0,0,0,0,0,0,0,0,0,0
0x940e7d8fb34921c3c5bbb8b9792b1a0e4688fe9b,0,0,0,0,0,0,0,0,0,0
0x9473bc8bb575ffc15cb2179cd9398bdf5730bf55,0,0,0,0,0,0,0,0,0,0
0x949bed886c739f1a3273629b3320db0c5024c719,1,0,0,0,0,0,0,0,0,0
0x952c9a569725d4cb710c69184e5eb8f56d6b8bd6,0,0,0,0,0,0,0,0,0,0
0x95c2906debbb9203ff7007f26c2f00a936c77b5d,0,0,0,0,0,0,0,0,0,0
0x9828953884b857380a80d177c38d95aeb42cd34c,1,0,0,0,0,0,0,0,0,0
0x9ae98746eb8a0aeee5ff2b6b15875313a986f103,0,0,0,0,0,0,0,0,0,0
0x9bf233b2f9eea51708c0b345f28fc621f83daa78,1,0,0,0,0,0,0,0,0,0
0x9bfe61748ba9b71789de234d2bdc8fa21047d3cb,0,0,0,0,0,0,0,0,0,0
0x9c794584b2f482653937b529647924606446e7f4,0,0,0,0,0,0,0,0,0,0
0x9e611784170b297091de56eb50162548d9b54d87,1,0,0,0,0,0,0,0,0,0
0xa0388ffb2a3c198dee723135e0caa423840b375a,0,0,0,0,0,0,0,0,0,0
0xa43ebd8939d8328f5858119a3fb65f65c864c6dd,0,0,0,0,0,0,0,0,0,0
0xa8fa462e08282f48756a672a03d0e10e154ed2af,0,0,0,0,0,0,0,0,0,0
0xab5c8051b9a1df1aab0149f8b0630848b7ecabf6,0,0,0,0,0,0,0,0,0,0
0xab7c49a95ba2f8c1ad95d18c8541cba650870618,0,0,0,0,0,0,0,0,0,0
0xabcdd0dbc5ba15804f5de963bd60491e48c3ef0b,0,0,0,0,0,0,0,0,0,0
0xac44b0c61c20c5063e22d3a0ff67f13afdfed103,0,0,0,0,0,0,0,0,0,0
0xaced90c414006b622a4b1ce74fa34b1f650ab319,0,0,0,0,0,0,0,0,0,0
0xad2b1feb2153cd5a6b8a5f37a820ba013a89cabf,0,0,0,0,0,0,0,0,0,0
0xad2d970edff30d8f166989470aaf4be3ff6375ae,0,0,0,0,0,0,0,0,0,0
0xade85d1796008281dbf4baaedb2790d3fea8d89d,1,0,0,0,0,0,0,0,0,0
0xaedde4941e7eac04f97be3a89af50a454d7c5f89,0,0,0,0,0,0,0,0,0,0
0xaf2b8e6114da000176c506f77b173251c16b511d,1,0,0,0,0,0,0,0,0,0
0xaffd8d333badb2a6dfab4854c5a30ac2dbb9db9f,0,0,0,0,0,0,0,0,0,0
0xb0ceaa9cc523332cbef9fc606221cc0bc2d0872d,0,0,0,0,0,0,0,0,0,0
0xb10ba7b334d3bd1b2110ba00bca39696b6df406d,1,0,0,0,0,0,0,0,0,0
0xb2048d829482dbc9baf6951c28909e5c49686041,0,0,0,0,0,0,0,0,0,0
0xb20bb2780a6ae9e399e805ce4f60321245f7a0db,0,0,0,0,0,0,0,0,0,0
0xb4e348c10b8f1dcf2b5bc524f1f2ab912fde4048,0,0,0,0,0,0,0,0,0,0
0xb4e7fc7f59c2ec07aee08c46241d7b47de4cec06,1,0,0,0,0,0,0,0,0,0
0xb6cd94c7cdea8fa5cfad9210e3f2358ad8b0cd75,0,0,0,0,0,0,0,0,0,0
0xb78e82956b6037e13b83c287aa9047f748c0f55a,0,0,0,0,0,0,0,0,0,0
0xb9068705fbdc3b06c11763d2c260be682e6844ff,0,0,0,0,0,0,0,0,0,0
0xba2f1399df21c75ce578630ff9ed9285b2146b8d,0,0,0,0,0,0,0,0,0,0
0xbdf12a64b482d292f6a45eb8db1809abcd1bb8d1,0,0,0,0,0,0,0,0,0,0
0xbe87e87965b96d8174eae4e3724a6d7417c488b0,1,0,0,0,0,0,0,0,0,0
0xbeac5df5f1c56f949852c8589314036042c1d603,0,0,0,0,0,0,0,0,0,0
0xbfb0cfd13dbb56c2dbf69eae33255f0ef1fc7955,0,0,0,0,0,0,0,0,0,0
0xc1f9de7df87eb7a933192e4e9178b0b07472f65c,0,0,0,0,0,0,0,0,0,0
0xc3ef562cc403c8f9edf7c3826655fbf50f4ddde8,0,0,0,0,0,0,0,0,0,0
0xc54d1a03e5fc1558d4a95e9fbbb2423f02168c23,0,0,0,0,0,0,0,0,0,0
0xc6b13d41866cba306fe9ddfafd580ac8d92bfb75,0,0,0,0,0,0,0,0,0,0
0xc6c4c7826d44abf22c711e8e86bdc3f5242d2182,0,0,0,0,0,0,0,0,0,0
0xc75175d7de7e8036f7c00a8e89f30dcf6e733f2e,0,0,0,0,0,0,0,0,0,0
0xc7dfe4304bd4c9dd6ed414443c077fc06501e9ac,0,0,0,0,0,0,0,0,0,0
0xca16790e9bb125392960e78befff1d4df4cb5b58,0,0,0,0,0,0,0,0,0,0
0xcc39e8ab206229c95b9649ead3560e1712a72eed,0,0,0,0,0,0,0,0,0,0
0xcd3e727275bc2f511822dc9a26bd7b0bbf161784,1,0,0,0,0,0,0,0,0,0
0xcf31dd376d15db527375b8c2b24e0ef45bcf71b6,0,0,0,0,0,0,0,0,0,0
0xd23f2533b726c9cb1fb9ed109b82e5a8f01c881e,0,0,0,0,0,0,0,0,0,0
0xd2f7bba33a3b81792c0f9cc2de6d9266002a5591,1,0,0,0,0,0,0,0,0,0
0xd35e6f3b26f8992a7f023ad878e13a82dded2232,0,0,0,0,0,0,0,0,0,0
0xd3f3eb105daa3712eda7709f59ac0ec0d2d202b5,0,0,0,0,0,0,0,0,0,0
0xd41f3b51e0c2d825a1178582d27c84dbfe48d1af,1,0,0,0,0,0,0,0,0,0
0xd6362516c7d7934fa2dcec4be8fd4fca79e98bc5,0,0,0,0,0,0,0,0,0,0
0xd6ec04c0f9587cb822c315f662954af8c2174d66,0,0,0,0,0,0,0,0,0,0
0xd70994d7020df8052a1124561ff548f3b88744d8,0,0,0,0,0,0,0,0,0,0
0xd934ee44c22fe8cf0f43bf66620b3001d9172904,0,0,0,0,0,0,0,0,0,0
0xda7fa6e0b04c76683f54c973931862d7fe474a85,1,0,0,0,0,0,0,0,0,0
0xdcf14a9cba1d5ee6d4671c20c559373f331910ea,0,0,0,0,0,0,0,0,0,0
0xdea48d521832780f5e437f7f744c94d2cda85af9,0,0,0,0,0,0,0,0,0,0
0xe01b770235bc5db653604e5519f048df54490b5f,0,0,0,0,0,0,0,0,0,0
0xe1e8eabd8fcf08ed50ae1f2ed4710c1a1f38542c,0,0,0,0,0,0,0,0,0,0
0xe3282094d332d26f7dfca853899ec1736f0295ce,0,0,0,0,0,0,0,0,0,0
0xe3c61a3bff7cb03ddd422258006fddd5ba1ed0fe,0,0,0,0,0,0,0,0,0,0
0xe47014f16c55ddd3add5b68b951e10fcea7da686,0,0,0,0,0,0,0,0,0,0
0xe7c8635bc387994069f7b7f25b89534c67727a01,1,0,0,0,0,0,0,0,0,0
0xe8200511f3c276fa7300719f9b45301bc471f4fb,1,0,0,0,0,0,0,0,0,0
0xee2157c15a43be80faac64801ed89c8d8e2c4d3a,1,0,0,0,0,0,0,0,0,0
0xf184279e6d4654890b4410cf300ed55600f018be,0,0,0,0,0,0,0,0,0,0
0xf2b8e10e7b230cc55040a7a90be75c933719c507,1,0,0,0,0,0,0,0,0,0
0xf504f3d488c7bb20a424943a6fc4ea2badcb9a18,1,0,0,0,0,0,0,0,0,0
0xf5b86b8a7d3ad269edff19e2f2d0c59b42aefb13,0,0,0,0,0,0,0,0,0,0
0xf66ca56fc0cf7b5d9918349150026be80b327892,1,0,0,0,0,0,0,0,0,0
0xf690f0ee16bb8f67c4f8a8d9e116f77cf3acf166,0,0,0,0,0,0,0,0,0,0
0xf74a6e92588ee0a524b44b251e0b47d1a15824f7,0,0,0,0,0,0,0,0,0,0
0xf77ac34cd0ed42f2b5d8cfcf4fa0f4bb1b80b9d8,0,0,0,0,0,0,0,0,0,0
0xf884e0096f826f82d9999dc11becb836dbb7c1f7,0,0,0,0,0,0,0,0,0,0
0xf9735dc96a98f68ac8fe6fccf1e7b9876ddb6b47,0,0,0,0,0,0,0,0,0,0
0xfac50f760d114de38bf0a6d44f31a9c22f778db3,1,0,0,0,0,0,0,0,0,0
0xff3216f86a723f2c23b03b5cd1f622eb1a204159,0,0,0,0,0,0,0,0,0,0
0xff95fbb77852c846724ce4fa140ca25f31a90bb0,1,0,0,0,0,0,0,0,0,0
